id,label
0,10
1,4
2,10
3,10
4,8
5,8
6,5
7,8
8,8
9,5
10,9
11,8
12,8
13,1
14,9
15,8
16,7
17,8
18,5
19,8
20,10
21,8
22,9
23,5
24,7
25,9
26,8
27,8
28,5
29,7
30,5
31,6
32,4
33,1
34,8
35,4
36,1
37,8
38,8
39,8
40,10
41,8
42,4
43,10
44,8
45,8
46,10
47,8
48,0
49,7
50,0
51,10
52,5
53,8
54,8
55,8
56,9
57,10
58,0
59,1
60,6
61,9
62,1
63,4
64,1
65,10
66,1
67,9
68,4
69,9
70,8
71,9
72,4
73,8
74,4
75,3
76,6
77,8
78,1
79,8
80,6
81,6
82,10
83,8
84,10
85,6
86,10
87,5
88,8
89,5
90,8
91,8
92,1
93,10
94,6
95,9
96,1
97,8
98,0
99,8
100,10
101,8
102,1
103,8
104,10
105,8
106,5
107,8
108,8
109,8
110,10
111,0
112,10
113,1
114,10
115,10
116,8
117,7
118,5
119,7
120,8
121,8
122,5
123,8
124,7
125,8
126,10
127,7
128,8
129,8
130,4
131,7
132,5
133,8
134,7
135,8
136,8
137,5
138,9
139,5
140,8
141,4
142,8
143,8
144,9
145,8
146,10
147,2
148,8
149,10
150,5
151,10
152,9
153,7
154,8
155,8
156,5
157,8
158,1
159,5
160,9
161,9
162,7
163,9
164,8
165,8
166,10
167,8
168,1
169,8
170,8
171,1
172,8
173,10
174,8
175,6
176,5
177,8
178,7
179,10
180,4
181,8
182,8
183,6
184,9
185,9
186,8
187,8
188,8
189,10
190,7
191,8
192,7
193,8
194,8
195,8
196,1
197,5
198,7
199,7
200,5
201,8
202,6
203,8
204,10
205,5
206,8
207,1
208,5
209,7
210,10
211,1
212,10
213,8
214,8
215,1
216,8
217,1
218,6
219,8
220,9
221,10
222,8
223,8
224,6
225,4
226,1
227,10
228,1
229,8
230,1
231,7
232,7
233,1
234,1
235,7
236,5
237,9
238,1
239,9
240,8
241,1
242,6
243,1
244,10
245,0
246,8
247,1
248,8
249,9
250,8
251,1
252,5
253,10
254,8
255,8
256,8
257,8
258,9
259,10
260,10
261,8
262,0
263,3
264,7
265,5
266,1
267,10
268,8
269,4
270,5
271,8
272,4
273,5
274,10
275,1
276,10
277,8
278,10
279,8
280,8
281,1
282,4
283,7
284,10
285,8
286,8
287,5
288,8
289,8
290,8
291,8
292,9
293,6
294,10
295,4
296,8
297,0
298,7
299,8
300,8
301,1
302,7
303,2
304,2
305,7
306,10
307,8
308,10
309,9
310,0
311,1
312,10
313,8
314,8
315,8
316,6
317,8
318,5
319,8
320,4
321,5
322,1
323,1
324,4
325,8
326,9
327,8
328,1
329,8
330,8
331,1
332,8
333,8
334,5
335,8
336,7
337,4
338,8
339,5
340,5
341,3
342,9
343,4
344,5
345,5
346,1
347,8
348,8
349,6
350,8
351,0
352,1
353,8
354,8
355,8
356,7
357,9
358,10
359,8
360,8
361,3
362,8
363,8
364,10
365,10
366,0
367,4
368,8
369,8
370,8
371,8
372,5
373,4
374,1
375,8
376,8
377,9
378,9
379,4
380,10
381,1
382,8
383,0
384,8
385,4
386,9
387,9
388,8
389,8
390,7
391,8
392,3
393,0
394,1
395,8
396,8
397,10
398,8
399,4
400,7
401,0
402,6
403,7
404,7
405,10
406,0
407,8
408,8
409,9
410,8
411,9
412,8
413,1
414,9
415,8
416,10
417,8
418,10
419,6
420,10
421,8
422,7
423,0
424,1
425,5
426,5
427,9
428,6
429,1
430,1
431,8
432,1
433,8
434,10
435,8
436,9
437,8
438,9
439,8
440,8
441,1
442,8
443,8
444,1
445,1
446,9
447,8
448,8
449,1
450,5
451,0
452,10
453,6
454,4
455,8
456,8
457,8
458,8
459,1
460,7
461,8
462,8
463,1
464,8
465,8
466,8
467,8
468,1
469,1
470,4
471,5
472,10
473,10
474,5
475,8
476,10
477,8
478,8
479,8
480,1
481,4
482,8
483,1
484,10
485,10
486,8
487,10
488,8
489,8
490,4
491,4
492,0
493,10
494,10
495,4
496,8
497,5
498,8
499,1
500,1
501,1
502,8
503,8
504,10
505,8
506,9
507,4
508,5
509,1
510,10
511,7
512,10
513,8
514,9
515,8
516,8
517,1
518,8
519,8
520,1
521,8
522,10
523,1
524,1
525,7
526,4
527,0
528,8
529,8
530,10
531,3
532,10
533,10
534,1
535,8
536,8
537,8
538,1
539,10
540,10
541,9
542,0
543,8
544,1
545,9
546,8
547,8
548,9
549,8
550,1
551,8
552,6
553,4
554,8
555,6
556,1
557,10
558,8
559,6
560,1
561,4
562,8
563,1
564,9
565,10
566,5
567,5
568,8
569,9
570,5
571,9
572,8
573,5
574,8
575,5
576,8
577,3
578,8
579,10
580,8
581,3
582,8
583,10
584,0
585,8
586,7
587,7
588,9
589,4
590,10
591,8
592,7
593,8
594,1
595,5
596,9
597,8
598,8
599,8
600,4
601,8
602,8
603,8
604,8
605,7
606,9
607,7
608,1
609,1
610,8
611,5
612,5
613,8
614,8
615,8
616,8
617,1
618,4
619,1
620,7
621,5
622,7
623,8
624,8
625,10
626,10
627,7
628,9
629,8
630,4
631,1
632,8
633,5
634,1
635,7
636,8
637,6
638,10
639,0
640,8
641,8
642,8
643,5
644,8
645,10
646,7
647,4
648,8
649,4
650,8
651,5
652,10
653,8
654,8
655,8
656,8
657,5
658,8
659,7
660,6
661,8
662,8
663,8
664,10
665,4
666,8
667,1
668,8
669,10
670,8
671,8
672,10
673,10
674,8
675,7
676,8
677,8
678,4
679,8
680,8
681,8
682,10
683,8
684,9
685,10
686,1
687,8
688,9
689,10
690,8
691,1
692,9
693,10
694,8
695,1
696,8
697,8
698,1
699,7
700,5
701,0
702,5
703,8
704,10
705,1
706,0
707,10
708,1
709,4
710,5
711,8
712,6
713,10
714,10
715,0
716,10
717,1
718,8
719,0
720,8
721,10
722,1
723,10
724,4
725,10
726,1
727,10
728,3
729,0
730,6
731,10
732,5
733,1
734,5
735,10
736,1
737,4
738,8
739,7
740,6
741,8
742,7
743,6
744,1
745,8
746,4
747,7
748,8
749,6
750,8
751,5
752,1
753,0
754,8
755,4
756,8
757,5
758,1
759,9
760,0
761,8
762,1
763,1
764,8
765,9
766,1
767,8
768,8
769,8
770,10
771,9
772,5
773,10
774,5
775,8
776,8
777,4
778,1
779,1
780,9
781,8
782,8
783,4
784,7
785,2
786,5
787,1
788,3
789,1
790,8
791,3
792,4
793,8
794,8
795,1
796,1
797,9
798,8
799,8
800,8
801,8
802,5
803,8
804,8
805,1
806,8
807,1
808,8
809,1
810,7
811,8
812,1
813,1
814,3
815,7
816,9
817,7
818,8
819,8
820,8
821,5
822,4
823,7
824,8
825,8
826,8
827,8
828,0
829,8
830,10
831,8
832,10
833,9
834,10
835,8
836,8
837,5
838,5
839,0
840,9
841,8
842,1
843,8
844,5
845,2
846,4
847,4
848,8
849,3
850,8
851,5
852,1
853,8
854,10
855,10
856,10
857,1
858,8
859,1
860,9
861,8
862,1
863,1
864,8
865,7
866,8
867,7
868,1
869,10
870,1
871,1
872,0
873,7
874,8
875,8
876,10
877,5
878,8
879,10
880,10
881,4
882,4
883,8
884,2
885,9
886,6
887,1
888,7
889,7
890,8
891,8
892,10
893,8
894,8
895,7
896,5
897,8
898,0
899,9
900,8
901,8
902,8
903,8
904,7
905,8
906,6
907,10
908,5
909,7
910,8
911,4
912,8
913,9
914,5
915,7
916,5
917,8
918,3
919,8
920,8
921,8
922,10
923,0
924,7
925,4
926,8
927,8
928,8
929,8
930,8
931,10
932,10
933,8
934,8
935,1
936,8
937,1
938,4
939,10
940,5
941,10
942,9
943,5
944,7
945,10
946,10
947,8
948,7
949,1
950,10
951,6
952,8
953,10
954,9
955,8
956,8
957,10
958,8
959,8
960,7
961,1
962,3
963,0
964,7
965,4
966,4
967,9
968,10
969,9
970,8
971,8
972,10
973,8
974,5
975,1
976,1
977,8
978,10
979,2
980,5
981,1
982,7
983,5
984,8
985,1
986,0
987,1
988,6
989,7
990,1
991,5
992,8
993,1
994,5
995,1
996,8
997,8
998,8
999,4
1000,8
1001,1
1002,0
1003,8
1004,8
1005,9
1006,8
1007,8
1008,1
1009,5
1010,7
1011,7
1012,0
1013,1
1014,5
1015,10
1016,7
1017,9
1018,8
1019,10
1020,8
1021,8
1022,8
1023,6
1024,10
1025,5
1026,4
1027,8
1028,5
1029,6
1030,8
1031,8
1032,8
1033,6
1034,4
1035,10
1036,6
1037,8
1038,8
1039,8
1040,1
1041,5
1042,8
1043,9
1044,5
1045,4
1046,1
1047,9
1048,8
1049,8
1050,7
1051,1
1052,8
1053,10
1054,9
1055,8
1056,8
1057,8
1058,8
1059,8
1060,8
1061,9
1062,6
1063,10
1064,8
1065,5
1066,8
1067,8
1068,1
1069,7
1070,9
1071,7
1072,9
1073,1
1074,9
1075,7
1076,8
1077,8
1078,7
1079,7
1080,8
1081,8
1082,8
1083,9
1084,8
1085,1
1086,1
1087,1
1088,1
1089,0
1090,8
1091,5
1092,10
1093,8
1094,10
1095,10
1096,6
1097,5
1098,5
1099,8
1100,1
1101,9
1102,4
1103,8
1104,5
1105,8
1106,1
1107,4
1108,10
1109,10
1110,10
1111,8
1112,5
1113,5
1114,10
1115,9
1116,8
1117,1
1118,10
1119,1
1120,8
1121,8
1122,8
1123,10
1124,6
1125,8
1126,7
1127,5
1128,8
1129,1
1130,9
1131,6
1132,8
1133,6
1134,8
1135,1
1136,10
1137,8
1138,1
1139,8
1140,7
1141,9
1142,8
1143,8
1144,8
1145,8
1146,1
1147,8
1148,8
1149,10
1150,2
1151,8
1152,1
1153,8
1154,3
1155,1
1156,8
1157,8
1158,5
1159,10
1160,7
1161,9
1162,8
1163,10
1164,10
1165,0
1166,9
1167,8
1168,8
1169,8
1170,5
1171,4
1172,7
1173,0
1174,8
1175,8
1176,9
1177,8
1178,8
1179,1
1180,8
1181,8
1182,8
1183,8
1184,5
1185,10
1186,0
1187,1
1188,8
1189,4
1190,8
1191,6
1192,4
1193,8
1194,8
1195,1
1196,5
1197,8
1198,5
1199,8
1200,8
1201,6
1202,0
1203,8
1204,8
1205,7
1206,8
1207,5
1208,8
1209,0
1210,8
1211,10
1212,0
1213,4
1214,7
1215,8
1216,8
1217,10
1218,8
1219,4
1220,7
1221,5
1222,8
1223,8
1224,9
1225,10
1226,8
1227,2
1228,1
1229,1
1230,5
1231,8
1232,2
1233,0
1234,7
1235,5
1236,5
1237,8
1238,7
1239,8
1240,2
1241,9
1242,2
1243,5
1244,9
1245,1
1246,8
1247,10
1248,8
1249,8
1250,7
1251,10
1252,1
1253,0
1254,9
1255,7
1256,0
1257,1
1258,1
1259,8
1260,1
1261,7
1262,10
1263,5
1264,1
1265,0
1266,5
1267,0
1268,8
1269,9
1270,6
1271,1
1272,8
1273,7
1274,4
1275,9
1276,10
1277,10
1278,10
1279,9
1280,9
1281,9
1282,1
1283,8
1284,5
1285,1
1286,0
1287,8
1288,8
1289,10
1290,10
1291,8
1292,8
1293,6
1294,5
1295,8
1296,5
1297,8
1298,8
1299,5
1300,9
1301,8
1302,8
1303,8
1304,0
1305,1
1306,8
1307,1
1308,1
1309,7
1310,1
1311,7
1312,8
1313,5
1314,8
1315,7
1316,10
1317,8
1318,8
1319,0
1320,7
1321,8
1322,9
1323,8
1324,8
1325,5
1326,7
1327,10
1328,5
1329,4
1330,8
1331,0
1332,8
1333,5
1334,8
1335,8
1336,10
1337,10
1338,8
1339,1
1340,9
1341,4
1342,10
1343,5
1344,8
1345,5
1346,1
1347,10
1348,8
1349,1
1350,4
1351,5
1352,5
1353,10
1354,1
1355,8
1356,6
1357,9
1358,5
1359,0
1360,8
1361,0
1362,8
1363,8
1364,5
1365,8
1366,8
1367,8
1368,8
1369,8
1370,1
1371,5
1372,4
1373,6
1374,9
1375,4
1376,8
1377,5
1378,10
1379,10
1380,10
1381,8
1382,8
1383,5
1384,8
1385,9
1386,6
1387,9
1388,4
1389,10
1390,8
1391,10
1392,8
1393,4
1394,10
1395,1
1396,5
1397,5
1398,4
1399,5
1400,4
1401,1
1402,10
1403,8
1404,8
1405,7
1406,8
1407,8
1408,4
1409,6
1410,0
1411,7
1412,8
1413,10
1414,5
1415,4
1416,7
1417,10
1418,1
1419,5
1420,6
1421,5
1422,8
1423,8
1424,8
1425,8
1426,4
1427,8
1428,2
1429,4
1430,9
1431,8
1432,8
1433,8
1434,10
1435,7
1436,8
1437,6
1438,8
1439,7
1440,8
1441,8
1442,8
1443,8
1444,9
1445,1
1446,8
1447,9
1448,8
1449,1
1450,8
1451,4
1452,8
1453,5
1454,1
1455,8
1456,5
1457,4
1458,5
1459,1
1460,8
1461,8
1462,1
1463,9
1464,7
1465,2
1466,2
1467,4
1468,6
1469,7
1470,8
1471,8
1472,8
1473,5
1474,8
1475,8
1476,8
1477,1
1478,0
1479,1
1480,8
1481,1
1482,4
1483,1
1484,8
1485,10
1486,8
1487,8
1488,8
1489,6
1490,0
1491,8
1492,10
1493,8
1494,1
1495,10
1496,0
1497,8
1498,10
1499,8
1500,1
1501,9
1502,8
1503,1
1504,8
1505,8
1506,8
1507,8
1508,1
1509,4
1510,6
1511,8
1512,8
1513,8
1514,8
1515,0
1516,6
1517,10
1518,10
1519,9
1520,9
1521,8
1522,6
1523,8
1524,8
1525,8
1526,7
1527,8
1528,4
1529,7
1530,5
1531,8
1532,10
1533,10
1534,1
1535,9
1536,7
1537,9
1538,4
1539,9
1540,10
1541,8
1542,1
1543,9
1544,4
1545,6
1546,6
1547,8
1548,8
1549,8
1550,10
1551,5
1552,9
1553,6
1554,4
1555,8
1556,4
1557,9
1558,9
1559,8
1560,8
1561,3
1562,0
1563,9
1564,8
1565,8
1566,1
1567,6
1568,5
1569,1
1570,8
1571,8
1572,8
1573,8
1574,4
1575,8
1576,8
1577,1
1578,8
1579,9
1580,1
1581,8
1582,8
1583,8
1584,4
1585,8
1586,8
1587,8
1588,5
1589,7
1590,8
1591,10
1592,5
1593,10
1594,8
1595,8
1596,8
1597,4
1598,7
1599,1
1600,10
1601,4
1602,8
1603,4
1604,0
1605,8
1606,0
1607,10
1608,8
1609,8
1610,8
1611,10
1612,8
1613,7
1614,8
1615,1
1616,1
1617,4
1618,1
1619,7
1620,5
1621,5
1622,8
1623,7
1624,8
1625,10
1626,8
1627,8
1628,4
1629,9
1630,8
1631,9
1632,8
1633,9
1634,8
1635,8
1636,10
1637,8
1638,0
1639,8
1640,8
1641,7
1642,4
1643,8
1644,8
1645,10
1646,8
1647,9
1648,8
1649,8
1650,8
1651,8
1652,8
1653,1
1654,8
1655,8
1656,0
1657,8
1658,9
1659,8
1660,8
1661,1
1662,10
1663,9
1664,3
1665,8
1666,5
1667,6
1668,8
1669,8
1670,2
1671,8
1672,8
1673,10
1674,5
1675,3
1676,10
1677,5
1678,5
1679,6
1680,5
1681,8
1682,6
1683,9
1684,1
1685,1
1686,10
1687,8
1688,7
1689,6
1690,8
1691,1
1692,8
1693,1
1694,2
1695,1
1696,8
1697,1
1698,9
1699,8
1700,8
1701,1
1702,6
1703,7
1704,9
1705,10
1706,8
1707,9
1708,9
1709,8
1710,10
1711,8
1712,8
1713,8
1714,5
1715,10
1716,7
1717,9
1718,8
1719,1
1720,1
1721,5
1722,8
1723,1
1724,10
1725,8
1726,5
1727,10
1728,8
1729,8
1730,8
1731,0
1732,4
1733,8
1734,8
1735,1
1736,6
1737,1
1738,7
1739,10
1740,9
1741,1
1742,10
1743,9
1744,1
1745,10
1746,8
1747,7
1748,7
1749,4
1750,5
1751,8
1752,7
1753,1
1754,4
1755,8
1756,8
1757,1
1758,10
1759,7
1760,1
1761,1
1762,1
1763,10
1764,2
1765,8
1766,6
1767,4
1768,8
1769,1
1770,8
1771,1
1772,1
1773,10
1774,8
1775,10
1776,5
1777,1
1778,8
1779,1
1780,8
1781,0
1782,8
1783,8
1784,7
1785,1
1786,1
1787,1
1788,7
1789,8
1790,10
1791,8
1792,6
1793,8
1794,8
1795,5
1796,1
1797,5
1798,1
1799,9
1800,10
1801,5
1802,9
1803,8
1804,6
1805,8
1806,8
1807,8
1808,1
1809,10
1810,5
1811,8
1812,8
1813,10
1814,9
1815,7
1816,6
1817,8
1818,9
1819,1
1820,9
1821,7
1822,8
1823,9
1824,8
1825,8
1826,8
1827,9
1828,8
1829,8
1830,8
1831,10
1832,4
1833,8
1834,4
1835,8
1836,7
1837,8
1838,8
1839,8
1840,4
1841,1
1842,9
1843,7
1844,5
1845,9
1846,8
1847,8
1848,10
1849,7
1850,8
1851,8
1852,5
1853,6
1854,10
1855,8
1856,10
1857,7
1858,1
1859,8
1860,8
1861,8
1862,8
1863,8
1864,8
1865,8
1866,7
1867,6
1868,8
1869,5
1870,1
1871,2
1872,1
1873,10
1874,1
1875,8
1876,8
1877,5
1878,7
1879,6
1880,1
1881,7
1882,5
1883,7
1884,8
1885,8
1886,0
1887,9
1888,8
1889,5
1890,6
1891,7
1892,1
1893,1
1894,5
1895,8
1896,8
1897,5
1898,7
1899,5
1900,1
1901,10
1902,8
1903,4
1904,8
1905,9
1906,5
1907,8
1908,8
1909,8
1910,1
1911,10
1912,1
1913,9
1914,8
1915,8
1916,2
1917,7
1918,4
1919,10
1920,4
1921,10
1922,6
1923,8
1924,7
1925,1
1926,8
1927,9
1928,4
1929,6
1930,8
1931,1
1932,0
1933,1
1934,9
1935,8
1936,5
1937,3
1938,10
1939,8
1940,8
1941,1
1942,5
1943,7
1944,8
1945,5
1946,8
1947,8
1948,8
1949,7
1950,10
1951,8
1952,10
1953,5
1954,1
1955,8
1956,8
1957,8
1958,10
1959,9
1960,8
1961,10
1962,1
1963,10
1964,8
1965,8
1966,8
1967,1
1968,8
1969,8
1970,8
1971,8
1972,8
1973,1
1974,8
1975,10
1976,2
1977,9
1978,9
1979,9
1980,8
1981,1
1982,8
1983,8
1984,8
1985,5
1986,9
1987,8
1988,7
1989,5
1990,8
1991,2
1992,10
1993,0
1994,8
1995,1
1996,10
1997,0
1998,8
1999,8
2000,7
2001,6
2002,8
2003,6
2004,8
2005,8
2006,7
2007,5
2008,5
2009,3
2010,8
2011,5
2012,9
2013,8
2014,10
2015,8
2016,1
2017,3
2018,5
2019,10
2020,8
2021,4
2022,10
2023,10
2024,8
2025,8
2026,7
2027,8
2028,7
2029,10
2030,8
2031,0
2032,8
2033,1
2034,10
2035,9
2036,8
2037,5
2038,5
2039,8
2040,5
2041,9
2042,1
2043,0
2044,8
2045,1
2046,10
2047,5
2048,1
2049,8
2050,8
2051,1
2052,8
2053,9
2054,0
2055,9
2056,1
2057,0
2058,9
2059,1
2060,5
2061,6
2062,5
2063,8
2064,10
2065,7
2066,1
2067,8
2068,8
2069,1
2070,3
2071,1
2072,10
2073,8
2074,8
2075,4
2076,4
2077,0
2078,5
2079,8
2080,8
2081,8
2082,5
2083,1
2084,7
2085,1
2086,4
2087,10
2088,9
2089,1
2090,5
2091,1
2092,7
2093,7
2094,10
2095,10
2096,10
2097,0
2098,1
2099,0
2100,0
2101,5
2102,9
2103,8
2104,5
2105,7
2106,1
2107,4
2108,8
2109,8
2110,8
2111,10
2112,7
2113,9
2114,1
2115,8
2116,1
2117,7
2118,8
2119,1
2120,7
2121,8
2122,8
2123,9
2124,8
2125,10
2126,10
2127,1
2128,8
2129,0
2130,7
2131,8
2132,10
2133,7
2134,8
2135,8
2136,8
2137,8
2138,8
2139,8
2140,8
2141,10
2142,3
2143,9
2144,8
2145,4
2146,2
2147,10
2148,8
2149,4
2150,8
2151,7
2152,8
2153,8
2154,8
2155,8
2156,1
2157,2
2158,10
2159,8
2160,2
2161,7
2162,1
2163,6
2164,8
2165,8
2166,8
2167,4
2168,8
2169,8
2170,8
2171,5
2172,8
2173,5
2174,7
2175,10
2176,10
2177,10
2178,7
2179,10
2180,5
2181,10
2182,4
2183,8
2184,8
2185,8
2186,8
2187,4
2188,8
2189,6
2190,9
2191,7
2192,10
2193,4
2194,7
2195,1
2196,9
2197,6
2198,10
2199,1
2200,10
2201,8
2202,10
2203,9
2204,4
2205,10
2206,8
2207,8
2208,8
2209,4
2210,7
2211,4
2212,8
2213,1
2214,8
2215,8
2216,8
2217,5
2218,8
2219,4
2220,7
2221,1
2222,10
2223,10
2224,8
2225,8
2226,4
2227,8
2228,7
2229,0
2230,8
2231,10
2232,5
2233,2
2234,10
2235,8
2236,0
2237,4
2238,1
2239,10
2240,5
2241,8
2242,8
2243,7
2244,8
2245,10
2246,9
2247,9
2248,9
2249,5
2250,4
2251,8
2252,8
2253,10
2254,8
2255,5
2256,8
2257,7
2258,10
2259,10
2260,8
2261,7
2262,7
2263,4
2264,8
2265,8
2266,6
2267,4
2268,7
2269,8
2270,10
2271,7
2272,8
2273,8
2274,10
2275,8
2276,8
2277,1
2278,8
2279,8
2280,1
2281,6
2282,1
2283,8
2284,8
2285,8
2286,1
2287,8
2288,1
2289,8
2290,8
2291,8
2292,8
2293,10
2294,9
2295,9
2296,6
2297,4
2298,6
2299,9
2300,6
2301,8
2302,10
2303,6
2304,9
2305,9
2306,8
2307,4
2308,8
2309,8
2310,10
2311,8
2312,1
2313,0
2314,0
2315,6
2316,1
2317,8
2318,8
2319,7
2320,1
2321,8
2322,0
2323,8
2324,8
2325,6
2326,10
2327,8
2328,10
2329,6
2330,8
2331,8
2332,8
2333,8
2334,8
2335,7
2336,9
2337,8
2338,9
2339,3
2340,9
2341,8
2342,8
2343,1
2344,8
2345,8
2346,4
2347,5
2348,5
2349,1
2350,7
2351,0
2352,8
2353,1
2354,0
2355,8
2356,8
2357,1
2358,7
2359,10
2360,8
2361,5
2362,2
2363,8
2364,8
2365,8
2366,9
2367,1
2368,8
2369,1
2370,10
2371,5
2372,4
2373,10
2374,8
2375,8
2376,1
2377,3
2378,7
2379,7
2380,7
2381,5
2382,0
2383,10
2384,1
2385,10
2386,6
2387,10
2388,1
2389,10
2390,8
2391,8
2392,10
2393,8
2394,8
2395,9
2396,8
2397,10
2398,8
2399,8
2400,1
2401,1
2402,10
2403,8
2404,0
2405,8
2406,7
2407,10
2408,5
2409,7
2410,1
2411,8
2412,0
2413,1
2414,8
2415,10
2416,5
2417,4
2418,0
2419,7
2420,6
2421,1
2422,8
2423,4
2424,10
2425,8
2426,1
2427,7
2428,9
2429,6
2430,10
2431,9
2432,9
2433,8
2434,10
2435,8
2436,5
2437,10
2438,1
2439,8
2440,8
2441,1
2442,8
2443,9
2444,8
2445,0
2446,8
2447,8
2448,10
2449,10
2450,1
2451,5
2452,10
2453,8
2454,8
2455,8
2456,5
2457,1
2458,5
2459,8
2460,1
2461,5
2462,0
2463,7
2464,10
2465,8
2466,3
2467,8
2468,1
2469,9
2470,6
2471,10
2472,0
2473,6
2474,7
2475,0
2476,8
2477,8
2478,8
2479,10
2480,4
2481,1
2482,8
2483,1
2484,10
2485,0
2486,8
2487,8
2488,8
2489,6
2490,7
2491,8
2492,8
2493,7
2494,10
2495,9
2496,8
2497,8
2498,1
2499,8
2500,10
2501,7
2502,5
2503,5
2504,9
2505,8
2506,10
2507,5
2508,8
2509,1
2510,7
2511,8
2512,8
2513,7
2514,8
2515,10
2516,7
2517,9
2518,10
2519,4
2520,9
2521,8
2522,6
2523,7
2524,9
2525,8
2526,2
2527,10
2528,0
2529,8
2530,5
2531,7
2532,8
2533,7
2534,8
2535,1
2536,1
2537,8
2538,7
2539,1
2540,1
2541,8
2542,0
2543,1
2544,8
2545,10
2546,10
2547,5
2548,10
2549,1
2550,4
2551,1
2552,8
2553,8
2554,8
2555,7
2556,10
2557,8
2558,9
2559,8
2560,1
2561,8
2562,8
2563,10
2564,8
2565,10
2566,8
2567,1
2568,1
2569,8
2570,8
2571,9
2572,1
2573,9
2574,8
2575,8
2576,8
2577,10
2578,10
2579,4
2580,7
2581,8
2582,8
2583,8
2584,1
2585,2
2586,5
2587,8
2588,10
2589,9
2590,4
2591,1
2592,10
2593,8
2594,7
2595,8
2596,9
2597,10
2598,8
2599,10
2600,8
2601,1
2602,1
2603,8
2604,0
2605,8
2606,7
2607,1
2608,9
2609,7
2610,0
2611,2
2612,5
2613,0
2614,8
2615,5
2616,5
2617,8
2618,1
2619,7
2620,7
2621,8
2622,8
2623,1
2624,4
2625,1
2626,7
2627,10
2628,5
2629,0
2630,8
2631,8
2632,8
2633,8
2634,10
2635,10
2636,4
2637,4
2638,3
2639,8
2640,9
2641,3
2642,5
2643,8
2644,8
2645,8
2646,8
2647,6
2648,8
2649,8
2650,5
2651,8
2652,8
2653,8
2654,8
2655,6
2656,8
2657,8
2658,8
2659,1
2660,1
2661,7
2662,8
2663,4
2664,0
2665,9
2666,5
2667,8
2668,8
2669,8
2670,0
2671,5
2672,8
2673,3
2674,1
2675,1
2676,5
2677,10
2678,10
2679,1
2680,6
2681,5
2682,4
2683,6
2684,7
2685,5
2686,8
2687,10
2688,10
2689,6
2690,8
2691,8
2692,1
2693,8
2694,7
2695,8
2696,8
2697,8
2698,0
2699,0
2700,8
2701,0
2702,0
2703,8
2704,5
2705,9
2706,7
2707,6
2708,8
2709,1
2710,10
2711,8
2712,10
2713,8
2714,10
2715,9
2716,5
2717,7
2718,5
2719,5
2720,5
2721,7
2722,8
2723,8
2724,10
2725,1
2726,5
2727,8
2728,5
2729,4
2730,9
2731,8
2732,10
2733,7
2734,8
2735,9
2736,4
2737,8
2738,0
2739,9
2740,8
2741,8
2742,10
2743,8
2744,9
2745,10
2746,8
2747,8
2748,1
2749,10
2750,8
2751,8
2752,10
2753,10
2754,9
2755,10
2756,8
2757,8
2758,8
2759,8
2760,8
2761,10
2762,9
2763,8
2764,6
2765,8
2766,8
2767,8
2768,10
2769,4
2770,7
2771,8
2772,1
2773,8
2774,1
2775,5
2776,8
2777,1
2778,8
2779,1
2780,4
2781,10
2782,9
2783,6
2784,8
2785,1
2786,4
2787,7
2788,8
2789,8
2790,8
2791,1
2792,9
2793,1
2794,5
2795,8
2796,5
2797,5
2798,7
2799,8
2800,10
2801,5
2802,8
2803,6
2804,7
2805,5
2806,0
2807,7
2808,8
2809,8
2810,10
2811,8
2812,1
2813,8
2814,10
2815,8
2816,8
2817,1
2818,8
2819,8
2820,8
2821,8
2822,10
2823,8
2824,3
2825,8
2826,0
2827,8
2828,10
2829,5
2830,10
2831,0
2832,8
2833,1
2834,7
2835,5
2836,8
2837,8
2838,10
2839,8
2840,8
2841,10
2842,8
2843,8
2844,3
2845,10
2846,8
2847,1
2848,4
2849,5
2850,4
2851,1
2852,10
2853,8
2854,8
2855,1
2856,8
2857,0
2858,5
2859,5
2860,8
2861,9
2862,2
2863,5
2864,8
2865,8
2866,10
2867,10
2868,1
2869,1
2870,8
2871,1
2872,10
2873,8
2874,8
2875,6
2876,5
2877,8
2878,8
2879,5
2880,1
2881,5
2882,0
2883,10
2884,4
2885,10
2886,8
2887,8
2888,10
2889,5
2890,9
2891,8
2892,1
2893,4
2894,10
2895,1
2896,8
2897,7
2898,8
2899,7
2900,8
2901,8
2902,4
2903,10
2904,8
2905,4
2906,10
2907,1
2908,5
2909,4
2910,8
2911,8
2912,0
2913,3
2914,8
2915,6
2916,9
2917,8
2918,8
2919,8
2920,1
2921,8
2922,8
2923,8
2924,6
2925,7
2926,8
2927,7
2928,10
2929,9
2930,8
2931,8
2932,8
2933,5
2934,10
2935,8
2936,0
2937,8
2938,8
2939,4
2940,9
2941,6
2942,10
2943,4
2944,8
2945,1
2946,8
2947,7
2948,4
2949,8
2950,8
2951,9
2952,1
2953,1
2954,10
2955,10
2956,8
2957,4
2958,5
2959,1
2960,10
2961,10
2962,8
2963,8
2964,8
2965,4
2966,8
2967,6
2968,10
2969,6
2970,6
2971,10
2972,0
2973,1
2974,9
2975,8
2976,8
2977,8
2978,5
2979,5
2980,8
2981,8
2982,6
2983,5
2984,10
2985,8
2986,5
2987,10
2988,8
2989,10
2990,0
2991,10
2992,4
2993,9
2994,0
2995,9
2996,0
2997,8
2998,0
2999,10
3000,9
3001,8
3002,0
3003,8
3004,5
3005,8
3006,8
3007,5
3008,4
3009,4
3010,10
3011,8
3012,8
3013,1
3014,8
3015,0
3016,2
3017,8
3018,7
3019,7
3020,8
3021,1
3022,10
3023,8
3024,9
3025,8
3026,8
3027,7
3028,1
3029,1
3030,0
3031,1
3032,7
3033,1
3034,9
3035,4
3036,8
3037,9
3038,8
3039,1
3040,8
3041,1
3042,8
3043,10
3044,8
3045,9
3046,9
3047,9
3048,8
3049,10
3050,8
3051,8
3052,1
3053,8
3054,1
3055,5
3056,1
3057,4
3058,8
3059,7
3060,8
3061,0
3062,0
3063,7
3064,8
3065,3
3066,10
3067,10
3068,3
3069,10
3070,9
3071,4
3072,4
3073,8
3074,8
3075,10
3076,8
3077,9
3078,8
3079,10
3080,10
3081,1
3082,7
3083,8
3084,10
3085,7
3086,10
3087,8
3088,1
3089,8
3090,10
3091,8
3092,8
3093,8
3094,8
3095,9
3096,5
3097,5
3098,8
3099,9
3100,1
3101,4
3102,10
3103,5
3104,1
3105,5
3106,1
3107,1
3108,8
3109,10
3110,8
3111,8
3112,10
3113,8
3114,8
3115,8
3116,8
3117,8
3118,0
3119,9
3120,8
3121,5
3122,9
3123,8
3124,7
3125,8
3126,8
3127,8
3128,10
3129,8
3130,8
3131,8
3132,2
3133,8
3134,8
3135,8
3136,1
3137,8
3138,8
3139,7
3140,8
3141,1
3142,10
3143,0
3144,7
3145,4
3146,4
3147,6
3148,8
3149,8
3150,4
3151,1
3152,7
3153,3
3154,8
3155,1
3156,8
3157,0
3158,8
3159,8
3160,10
3161,8
3162,1
3163,1
3164,8
3165,8
3166,8
3167,1
3168,5
3169,1
3170,8
3171,3
3172,4
3173,8
3174,5
3175,7
3176,1
3177,9
3178,9
3179,8
3180,2
3181,8
3182,8
3183,1
3184,1
3185,1
3186,9
3187,2
3188,2
3189,8
3190,8
3191,5
3192,8
3193,8
3194,8
3195,8
3196,8
3197,8
3198,9
3199,7
3200,1
3201,1
3202,8
3203,4
3204,8
3205,5
3206,7
3207,8
3208,10
3209,2
3210,7
3211,8
3212,8
3213,8
3214,7
3215,9
3216,8
3217,7
3218,8
3219,8
3220,1
3221,9
3222,8
3223,10
3224,8
3225,9
3226,4
3227,6
3228,5
3229,8
3230,7
3231,1
3232,1
3233,7
3234,1
3235,1
3236,10
3237,8
3238,8
3239,0
3240,1
3241,4
3242,8
3243,8
3244,5
3245,0
3246,6
3247,10
3248,7
3249,8
3250,1
3251,5
3252,0
3253,8
3254,10
3255,7
3256,9
3257,8
3258,1
3259,5
3260,8
3261,5
3262,8
3263,1
3264,8
3265,0
3266,10
3267,10
3268,9
3269,8
3270,7
3271,4
3272,10
3273,8
3274,6
3275,10
3276,7
3277,8
3278,4
3279,5
3280,9
3281,7
3282,0
3283,8
3284,6
3285,8
3286,8
3287,7
3288,8
3289,2
3290,2
3291,7
3292,4
3293,1
3294,1
3295,1
3296,10
3297,8
3298,4
3299,8
3300,8
3301,8
3302,9
3303,8
3304,3
3305,10
3306,8
3307,5
3308,10
3309,8
3310,8
3311,8
3312,4
3313,8
3314,8
3315,5
3316,10
3317,8
3318,0
3319,7
3320,8
3321,7
3322,1
3323,0
3324,0
3325,8
3326,8
3327,1
3328,8
3329,9
3330,8
3331,9
3332,8
3333,1
3334,9
3335,4
3336,5
3337,8
3338,8
3339,8
3340,2
3341,6
3342,10
3343,10
3344,5
3345,8
3346,8
3347,3
3348,1
3349,10
3350,8
3351,4
3352,7
3353,8
3354,8
3355,10
3356,6
3357,0
3358,7
3359,4
3360,4
3361,8
3362,8
3363,3
3364,5
3365,8
3366,9
3367,8
3368,1
3369,7
3370,0
3371,8
3372,5
3373,9
3374,8
3375,4
3376,8
3377,10
3378,5
3379,7
3380,5
3381,8
3382,10
3383,7
3384,3
3385,0
3386,8
3387,7
3388,4
3389,4
3390,1
3391,5
3392,1
3393,7
3394,8
3395,8
3396,8
3397,8
3398,1
3399,6
3400,4
3401,8
3402,8
3403,10
3404,8
3405,7
3406,10
3407,8
3408,5
3409,1
3410,8
3411,10
3412,6
3413,7
3414,1
3415,6
3416,8
3417,8
3418,0
3419,10
3420,8
3421,8
3422,8
3423,1
3424,8
3425,4
3426,6
3427,8
3428,10
3429,1
3430,0
3431,5
3432,7
3433,1
3434,1
3435,8
3436,1
3437,1
3438,8
3439,10
3440,1
3441,4
3442,8
3443,1
3444,10
3445,4
3446,10
3447,8
3448,8
3449,8
3450,10
3451,10
3452,8
3453,8
3454,4
3455,0
3456,8
3457,7
3458,9
3459,9
3460,8
3461,8
3462,8
3463,10
3464,8
3465,10
3466,8
3467,8
3468,5
3469,9
3470,8
3471,9
3472,5
3473,1
3474,10
3475,1
3476,7
3477,6
3478,8
3479,8
3480,7
3481,7
3482,8
3483,0
3484,4
3485,8
3486,9
3487,1
3488,10
3489,8
3490,10
3491,4
3492,5
3493,8
3494,1
3495,8
3496,8
3497,8
3498,8
3499,9
3500,8
3501,9
3502,10
3503,8
3504,8
3505,7
3506,7
3507,9
3508,8
3509,8
3510,8
3511,4
3512,8
3513,1
3514,6
3515,5
3516,1
3517,1
3518,8
3519,10
3520,8
3521,7
3522,8
3523,8
3524,8
3525,7
3526,1
3527,6
3528,8
3529,8
3530,1
3531,1
3532,10
3533,8
3534,8
3535,8
3536,1
3537,1
3538,0
3539,8
3540,1
3541,8
3542,8
3543,10
3544,8
3545,5
3546,8
3547,8
3548,1
3549,8
3550,7
3551,7
3552,1
3553,0
3554,9
3555,0
3556,8
3557,9
3558,8
3559,1
3560,1
3561,1
3562,6
3563,0
3564,8
3565,10
3566,8
3567,8
3568,4
3569,8
3570,8
3571,8
3572,8
3573,8
3574,1
3575,6
3576,10
3577,8
3578,9
3579,8
3580,10
3581,8
3582,8
3583,10
3584,8
3585,1
3586,8
3587,1
3588,8
3589,1
3590,5
3591,8
3592,4
3593,8
3594,10
3595,10
3596,7
3597,8
3598,8
3599,3
3600,9
3601,6
3602,8
3603,1
3604,0
3605,8
3606,4
3607,7
3608,8
3609,4
3610,10
3611,8
3612,9
3613,8
3614,8
3615,8
3616,1
3617,2
3618,1
3619,10
3620,4
3621,1
3622,6
3623,7
3624,5
3625,0
3626,8
3627,1
3628,8
3629,0
3630,8
3631,8
3632,8
3633,1
3634,9
3635,6
3636,10
3637,4
3638,9
3639,8
3640,0
3641,1
3642,1
3643,10
3644,3
3645,3
3646,4
3647,10
3648,4
3649,4
3650,1
3651,8
3652,8
3653,7
3654,8
3655,10
3656,8
3657,10
3658,0
3659,1
3660,5
3661,8
3662,1
3663,1
3664,1
3665,1
3666,10
3667,8
3668,9
3669,7
3670,8
3671,1
3672,10
3673,7
3674,1
3675,8
3676,8
3677,8
3678,6
3679,6
3680,8
3681,6
3682,8
3683,5
3684,8
3685,0
3686,0
3687,10
3688,8
3689,5
3690,9
3691,1
3692,8
3693,8
3694,10
3695,8
3696,2
3697,10
3698,8
3699,8
3700,1
3701,7
3702,1
3703,8
3704,8
3705,8
3706,6
3707,10
3708,1
3709,8
3710,10
3711,3
3712,10
3713,1
3714,8
3715,5
3716,8
3717,8
3718,8
3719,8
3720,8
3721,10
3722,8
3723,8
3724,1
3725,10
3726,4
3727,8
3728,1
3729,8
3730,1
3731,7
3732,9
3733,9
3734,6
3735,8
3736,8
3737,8
3738,10
3739,8
3740,1
3741,5
3742,3
3743,1
3744,8
3745,8
3746,8
3747,5
3748,1
3749,8
3750,1
3751,1
3752,2
3753,1
3754,7
3755,0
3756,8
3757,7
3758,0
3759,10
3760,8
3761,5
3762,10
3763,7
3764,8
3765,8
3766,1
3767,8
3768,6
3769,5
3770,9
3771,2
3772,7
3773,1
3774,7
3775,0
3776,8
3777,7
3778,7
3779,1
3780,8
3781,8
3782,5
3783,1
3784,4
3785,4
3786,1
3787,1
3788,8
3789,4
3790,8
3791,6
3792,7
3793,4
3794,6
3795,4
3796,0
3797,8
3798,7
3799,5
3800,1
3801,1
3802,9
3803,10
3804,9
3805,1
3806,10
3807,8
3808,8
3809,8
3810,4
3811,10
3812,7
3813,5
3814,0
3815,8
3816,9
3817,10
3818,8
3819,7
3820,1
3821,8
3822,6
3823,1
3824,10
3825,10
3826,8
3827,8
3828,5
3829,8
3830,8
3831,1
3832,8
3833,8
3834,8
3835,1
3836,8
3837,5
3838,2
3839,8
3840,8
3841,3
3842,10
3843,5
3844,8
3845,9
3846,5
3847,8
3848,5
3849,5
3850,4
3851,7
3852,1
3853,4
3854,8
3855,10
3856,5
3857,7
3858,9
3859,7
3860,8
3861,3
3862,2
3863,8
3864,10
3865,8
3866,6
3867,8
3868,1
3869,5
3870,9
3871,8
3872,7
3873,9
3874,8
3875,8
3876,1
3877,8
3878,10
3879,1
3880,3
3881,8
3882,10
3883,10
3884,10
3885,8
3886,7
3887,1
3888,1
3889,1
3890,4
3891,8
3892,9
3893,10
3894,10
3895,10
3896,9
3897,8
3898,9
3899,8
3900,8
3901,6
3902,8
3903,0
3904,8
3905,8
3906,3
3907,8
3908,6
3909,8
3910,1
3911,8
3912,5
3913,4
3914,8
3915,10
3916,1
3917,7
3918,10
3919,9
3920,10
3921,10
3922,6
3923,1
3924,1
3925,7
3926,1
3927,0
3928,1
3929,9
3930,1
3931,10
3932,7
3933,8
3934,8
3935,8
3936,7
3937,1
3938,8
3939,8
3940,5
3941,7
3942,8
3943,8
3944,8
3945,1
3946,4
3947,1
3948,10
3949,5
3950,1
3951,7
3952,9
3953,4
3954,8
3955,8
3956,8
3957,8
3958,0
3959,8
3960,7
3961,1
3962,8
3963,8
3964,10
3965,8
3966,7
3967,10
3968,1
3969,2
3970,4
3971,9
3972,1
3973,8
3974,8
3975,9
3976,8
3977,5
3978,5
3979,8
3980,6
3981,10
3982,9
3983,7
3984,9
3985,8
3986,1
3987,8
3988,8
3989,5
3990,10
3991,7
3992,0
3993,1
3994,10
3995,8
3996,10
3997,2
3998,7
3999,8
4000,8
4001,6
4002,6
4003,10
4004,4
4005,10
4006,8
4007,7
4008,8
4009,7
4010,1
4011,8
4012,8
4013,5
4014,8
4015,7
4016,5
4017,9
4018,7
4019,9
4020,2
4021,1
4022,0
4023,8
4024,9
4025,8
4026,1
4027,8
4028,8
4029,7
4030,8
4031,4
4032,4
4033,1
4034,8
4035,7
4036,9
4037,4
4038,8
4039,5
4040,8
4041,8
4042,10
4043,10
4044,5
4045,10
4046,7
4047,8
4048,5
4049,8
4050,0
4051,8
4052,8
4053,5
4054,5
4055,5
4056,8
4057,8
4058,8
4059,10
4060,1
4061,8
4062,5
4063,1
4064,7
4065,8
4066,9
4067,4
4068,9
4069,1
4070,9
4071,8
4072,8
4073,7
4074,10
4075,8
4076,8
4077,8
4078,10
4079,0
4080,10
4081,8
4082,8
4083,1
4084,9
4085,1
4086,8
4087,8
4088,7
4089,4
4090,7
4091,0
4092,9
4093,4
4094,0
4095,8
4096,1
4097,5
4098,9
4099,0
4100,8
4101,1
4102,5
4103,8
4104,9
4105,3
4106,8
4107,7
4108,4
4109,8
4110,1
4111,0
4112,9
4113,8
4114,9
4115,8
4116,10
4117,10
4118,8
4119,1
4120,0
4121,7
4122,7
4123,8
4124,8
4125,8
4126,8
4127,6
4128,4
4129,9
4130,9
4131,8
4132,8
4133,9
4134,5
4135,7
4136,1
4137,6
4138,8
4139,6
4140,8
4141,4
4142,8
4143,8
4144,1
4145,8
4146,5
4147,8
4148,1
4149,0
4150,8
4151,1
4152,3
4153,10
4154,4
4155,9
4156,8
4157,8
4158,8
4159,10
4160,8
4161,8
4162,3
4163,8
4164,8
4165,9
4166,7
4167,8
4168,8
4169,8
4170,2
4171,4
4172,8
4173,6
4174,10
4175,7
4176,10
4177,10
4178,8
4179,1
4180,10
4181,4
4182,5
4183,8
4184,8
4185,9
4186,10
4187,6
4188,1
4189,1
4190,4
4191,10
4192,8
4193,6
4194,8
4195,8
4196,8
4197,8
4198,10
4199,8
4200,10
4201,6
4202,8
4203,7
4204,10
4205,7
4206,7
4207,6
4208,0
4209,5
4210,8
4211,9
4212,10
4213,1
4214,8
4215,8
4216,4
4217,5
4218,7
4219,1
4220,10
4221,1
4222,3
4223,5
4224,10
4225,10
4226,10
4227,8
4228,0
4229,10
4230,3
4231,8
4232,8
4233,7
4234,7
4235,8
4236,10
4237,8
4238,8
4239,8
4240,0
4241,6
4242,9
4243,8
4244,1
4245,5
4246,8
4247,4
4248,8
4249,7
4250,8
4251,5
4252,7
4253,5
4254,9
4255,10
4256,1
4257,8
4258,10
4259,0
4260,8
4261,8
4262,7
4263,4
4264,8
4265,10
4266,5
4267,8
4268,8
4269,8
4270,7
4271,8
4272,8
4273,10
4274,10
4275,5
4276,1
4277,10
4278,5
4279,7
4280,6
4281,8
4282,4
4283,8
4284,8
4285,10
4286,8
4287,7
4288,0
4289,9
4290,4
4291,8
4292,5
4293,10
4294,1
4295,8
4296,8
4297,7
4298,8
4299,8
4300,1
4301,0
4302,10
4303,6
4304,10
4305,1
4306,8
4307,8
4308,1
4309,1
4310,8
4311,1
4312,8
4313,1
4314,1
4315,8
4316,10
4317,8
4318,5
4319,6
4320,8
4321,5
4322,4
4323,5
4324,1
4325,8
4326,3
4327,8
4328,8
4329,8
4330,8
4331,8
4332,8
4333,8
4334,10
4335,7
4336,1
4337,9
4338,4
4339,8
4340,10
4341,8
4342,6
4343,1
4344,8
4345,7
4346,8
4347,6
4348,5
4349,8
4350,4
4351,6
4352,8
4353,8
4354,8
4355,5
4356,8
4357,1
4358,1
4359,4
4360,7
4361,1
4362,8
4363,8
4364,8
4365,8
4366,9
4367,7
4368,7
4369,7
4370,4
4371,9
4372,8
4373,1
4374,1
4375,8
4376,1
4377,8
4378,6
4379,8
4380,5
4381,10
4382,8
4383,10
4384,5
4385,4
4386,8
4387,8
4388,9
4389,8
4390,1
4391,8
4392,8
4393,10
4394,8
4395,4
4396,1
4397,7
4398,1
4399,8
4400,1
4401,4
4402,8
4403,10
4404,8
4405,8
4406,9
4407,7
4408,8
4409,8
4410,1
4411,8
4412,8
4413,8
4414,5
4415,1
4416,8
4417,8
4418,7
4419,8
4420,2
4421,8
4422,8
4423,6
4424,5
4425,7
4426,2
4427,10
4428,9
4429,5
4430,9
4431,8
4432,10
4433,9
4434,10
4435,0
4436,5
4437,3
4438,8
4439,4
4440,8
4441,10
4442,8
4443,8
4444,8
4445,8
4446,1
4447,10
4448,8
4449,1
4450,8
4451,8
4452,2
4453,8
4454,9
4455,7
4456,6
4457,7
4458,8
4459,2
4460,8
4461,8
4462,8
4463,8
4464,0
4465,8
4466,10
4467,8
4468,9
4469,8
4470,8
4471,4
4472,5
4473,8
4474,9
4475,4
4476,9
4477,10
4478,4
4479,0
4480,5
4481,8
4482,0
4483,8
4484,9
4485,10
4486,8
4487,0
4488,5
4489,8
4490,8
4491,9
4492,8
4493,8
4494,1
4495,10
4496,8
4497,0
4498,7
4499,6
4500,7
4501,5
4502,8
4503,10
4504,8
4505,1
4506,5
4507,8
4508,10
4509,6
4510,1
4511,8
4512,8
4513,4
4514,10
4515,7
4516,5
4517,8
4518,8
4519,8
4520,8
4521,1
4522,8
4523,1
4524,4
4525,8
4526,8
4527,10
4528,8
4529,0
4530,6
4531,10
4532,1
4533,4
4534,10
4535,9
4536,8
4537,10
4538,4
4539,7
4540,8
4541,7
4542,1
4543,8
4544,8
4545,7
4546,10
4547,8
4548,5
4549,5
4550,8
4551,0
4552,8
4553,10
4554,10
4555,8
4556,9
4557,8
4558,5
4559,7
4560,8
4561,8
4562,7
4563,7
4564,9
4565,10
4566,1
4567,8
4568,8
4569,9
4570,4
4571,5
4572,1
4573,5
4574,0
4575,8
4576,8
4577,0
4578,7
4579,9
4580,6
4581,8
4582,10
4583,10
4584,8
4585,8
4586,2
4587,8
4588,5
4589,8
4590,9
4591,8
4592,8
4593,8
4594,8
4595,1
4596,4
4597,7
4598,6
4599,8
4600,8
4601,8
4602,8
4603,8
4604,5
4605,10
4606,8
4607,8
4608,8
4609,2
4610,7
4611,8
4612,8
4613,8
4614,10
4615,10
4616,4
4617,8
4618,6
4619,10
4620,9
4621,8
4622,6
4623,10
4624,7
4625,8
4626,8
4627,1
4628,1
4629,1
4630,10
4631,10
4632,7
4633,8
4634,8
4635,5
4636,5
4637,10
4638,8
4639,4
4640,8
4641,5
4642,7
4643,8
4644,5
4645,1
4646,8
4647,4
4648,8
4649,0
4650,1
4651,10
4652,0
4653,10
4654,8
4655,8
4656,8
4657,5
4658,8
4659,8
4660,8
4661,7
4662,8
4663,10
4664,8
4665,1
4666,4
4667,8
4668,7
4669,1
4670,5
4671,1
4672,10
4673,1
4674,8
4675,6
4676,10
4677,8
4678,10
4679,1
4680,6
4681,4
4682,1
4683,10
4684,1
4685,9
4686,8
4687,8
4688,5
4689,1
4690,7
4691,10
4692,1
4693,0
4694,8
4695,10
4696,8
4697,1
4698,0
4699,7
4700,9
4701,8
4702,9
4703,8
4704,1
4705,10
4706,9
4707,8
4708,5
4709,8
4710,4
4711,2
4712,8
4713,9
4714,9
4715,4
4716,9
4717,4
4718,1
4719,1
4720,1
4721,8
4722,8
4723,1
4724,1
4725,5
4726,6
4727,8
4728,8
4729,8
4730,1
4731,9
4732,8
4733,8
4734,5
4735,7
4736,8
4737,1
4738,8
4739,9
4740,4
4741,9
4742,10
4743,7
4744,5
4745,8
4746,5
4747,4
4748,5
4749,0
4750,7
4751,7
4752,7
4753,6
4754,8
4755,8
4756,8
4757,10
4758,8
4759,8
4760,5
4761,8
4762,3
4763,9
4764,8
4765,6
4766,8
4767,8
4768,4
4769,1
4770,5
4771,1
4772,7
4773,1
4774,7
4775,9
4776,6
4777,8
4778,9
4779,0
4780,10
4781,5
4782,1
4783,10
4784,8
4785,1
4786,8
4787,8
4788,4
4789,7
4790,6
4791,8
4792,8
4793,8
4794,1
4795,9
4796,9
4797,4
4798,5
4799,4
4800,8
4801,0
4802,8
4803,8
4804,5
4805,7
4806,4
4807,5
4808,9
4809,8
4810,8
4811,10
4812,8
4813,1
4814,10
4815,7
4816,7
4817,1
4818,10
4819,10
4820,5
4821,8
4822,1
4823,8
4824,4
4825,0
4826,8
4827,7
4828,8
4829,8
4830,9
4831,10
4832,1
4833,9
4834,10
4835,8
4836,8
4837,8
4838,8
4839,6
4840,1
4841,1
4842,8
4843,8
4844,9
4845,1
4846,7
4847,4
4848,10
4849,8
4850,8
4851,8
4852,10
4853,9
4854,5
4855,8
4856,1
4857,10
4858,10
4859,6
4860,0
4861,1
4862,1
4863,8
4864,7
4865,10
4866,4
4867,8
4868,10
4869,5
4870,9
4871,8
4872,8
4873,5
4874,8
4875,8
4876,9
4877,8
4878,1
4879,5
4880,4
4881,1
4882,7
4883,10
4884,4
4885,8
4886,8
4887,6
4888,9
4889,8
4890,8
4891,7
4892,6
4893,8
4894,1
4895,8
4896,8
4897,4
4898,8
4899,7
4900,9
4901,5
4902,0
4903,1
4904,8
4905,8
4906,8
4907,1
4908,6
4909,10
4910,10
4911,8
4912,8
4913,6
4914,7
4915,5
4916,1
4917,1
4918,8
4919,7
4920,8
4921,10
4922,10
4923,8
4924,8
4925,1
4926,8
4927,8
4928,6
4929,10
4930,1
4931,7
4932,9
4933,8
4934,8
4935,7
4936,6
4937,0
4938,8
4939,7
4940,7
4941,8
4942,4
4943,4
4944,1
4945,0
4946,8
4947,8
4948,0
4949,9
4950,5
4951,8
4952,8
4953,8
4954,8
4955,10
4956,6
4957,9
4958,8
4959,8
4960,8
4961,8
4962,10
4963,4
4964,1
4965,8
4966,8
4967,4
4968,1
4969,9
4970,10
4971,1
4972,8
4973,7
4974,1
4975,5
4976,1
4977,5
4978,8
4979,10
4980,9
4981,8
4982,1
4983,8
4984,2
4985,10
4986,8
4987,9
4988,6
4989,4
4990,1
4991,8
4992,1
4993,5
4994,1
4995,8
4996,8
4997,8
4998,9
4999,8
5000,4
5001,1
5002,1
5003,4
5004,8
5005,8
5006,10
5007,5
5008,8
5009,8
5010,10
5011,1
5012,4
5013,7
5014,7
5015,10
5016,10
5017,1
5018,9
5019,5
5020,8
5021,10
5022,3
5023,7
5024,8
5025,8
5026,8
5027,1
5028,8
5029,10
5030,6
5031,1
5032,8
5033,1
5034,9
5035,9
5036,10
5037,8
5038,8
5039,8
5040,2
5041,9
5042,8
5043,8
5044,4
5045,0
5046,8
5047,7
5048,5
5049,4
5050,8
5051,8
5052,8
5053,10
5054,8
5055,4
5056,8
5057,4
5058,8
5059,8
5060,0
5061,1
5062,1
5063,8
5064,8
5065,8
5066,8
5067,1
5068,7
5069,6
5070,10
5071,8
5072,10
5073,10
5074,7
5075,10
5076,8
5077,9
5078,8
5079,10
5080,8
5081,0
5082,1
5083,4
5084,8
5085,5
5086,8
5087,4
5088,0
5089,9
5090,9
5091,8
5092,4
5093,8
5094,8
5095,10
5096,10
5097,4
5098,0
5099,8
5100,8
5101,10
5102,9
5103,8
5104,8
5105,7
5106,3
5107,2
5108,9
5109,8
5110,10
5111,8
5112,0
5113,1
5114,8
5115,7
5116,1
5117,7
5118,8
5119,7
5120,8
5121,8
5122,8
5123,10
5124,8
5125,9
5126,8
5127,1
5128,8
5129,7
5130,8
5131,7
5132,8
5133,10
5134,9
5135,8
5136,1
5137,7
5138,1
5139,5
5140,8
5141,10
5142,4
5143,8
5144,6
5145,0
5146,1
5147,5
5148,9
5149,1
5150,8
5151,5
5152,9
5153,9
5154,6
5155,7
5156,8
5157,8
5158,4
5159,4
5160,5
5161,8
5162,7
5163,8
5164,8
5165,0
5166,8
5167,1
5168,8
5169,7
5170,1
5171,7
5172,7
5173,8
5174,4
5175,6
5176,1
5177,5
5178,10
5179,0
5180,3
5181,1
5182,8
5183,9
5184,1
5185,0
5186,8
5187,9
5188,4
5189,4
5190,2
5191,1
5192,1
5193,8
5194,9
5195,5
5196,8
5197,9
5198,10
5199,8
5200,10
5201,9
5202,1
5203,9
5204,1
5205,8
5206,8
5207,1
5208,7
5209,8
5210,1
5211,4
5212,10
5213,10
5214,10
5215,1
5216,8
5217,5
5218,8
5219,1
5220,1
5221,1
5222,8
5223,1
5224,8
5225,8
5226,6
5227,8
5228,8
5229,8
5230,9
5231,8
5232,0
5233,9
5234,1
5235,8
5236,8
5237,8
5238,8
5239,4
5240,8
5241,10
5242,8
5243,8
5244,0
5245,9
5246,3
5247,8
5248,10
5249,5
5250,1
5251,4
5252,8
5253,9
5254,8
5255,8
5256,8
5257,8
5258,8
5259,10
5260,2
5261,9
5262,10
5263,5
5264,8
5265,10
5266,10
5267,10
5268,8
5269,3
5270,7
5271,8
5272,8
5273,5
5274,8
5275,8
5276,4
5277,7
5278,0
5279,7
5280,8
5281,10
5282,8
5283,1
5284,0
5285,5
5286,10
5287,8
5288,5
5289,10
5290,0
5291,8
5292,2
5293,8
5294,8
5295,7
5296,6
5297,8
5298,1
5299,4
5300,8
5301,8
5302,8
5303,8
5304,10
5305,9
5306,4
5307,1
5308,6
5309,3
5310,1
5311,7
5312,8
5313,8
5314,8
5315,1
5316,7
5317,6
5318,9
5319,7
5320,8
5321,5
5322,7
5323,7
5324,1
5325,10
5326,9
5327,1
5328,4
5329,10
5330,4
5331,10
5332,4
5333,8
5334,7
5335,0
5336,8
5337,1
5338,8
5339,10
5340,8
5341,10
5342,8
5343,4
5344,9
5345,9
5346,8
5347,7
5348,8
5349,8
5350,5
5351,10
5352,8
5353,0
5354,5
5355,1
5356,1
5357,8
5358,8
5359,8
5360,10
5361,8
5362,5
5363,7
5364,6
5365,1
5366,8
5367,7
5368,0
5369,10
5370,5
5371,5
5372,5
5373,4
5374,7
5375,5
5376,8
5377,5
5378,8
5379,8
5380,8
5381,10
5382,7
5383,6
5384,1
5385,9
5386,1
5387,8
5388,0
5389,9
5390,1
5391,9
5392,8
5393,4
5394,8
5395,8
5396,9
5397,4
5398,7
5399,1
5400,5
5401,5
5402,0
5403,10
5404,8
5405,7
5406,0
5407,10
5408,7
5409,1
5410,8
5411,8
5412,0
5413,4
5414,10
5415,9
5416,1
5417,8
5418,5
5419,4
5420,10
5421,10
5422,1
5423,6
5424,8
5425,7
5426,1
5427,8
5428,10
5429,8
5430,8
5431,5
5432,10
5433,6
5434,1
5435,6
5436,8
5437,6
5438,8
5439,8
5440,1
5441,8
5442,10
5443,9
5444,3
5445,4
5446,1
5447,5
5448,10
5449,1
5450,5
5451,8
5452,10
5453,1
5454,10
5455,10
5456,1
5457,8
5458,8
5459,10
5460,8
5461,5
5462,8
5463,8
5464,1
5465,1
5466,0
5467,8
5468,7
5469,4
5470,7
5471,6
5472,4
5473,8
5474,8
5475,8
5476,8
5477,9
5478,1
5479,5
5480,1
5481,1
5482,6
5483,10
5484,1
5485,8
5486,8
5487,8
5488,4
5489,5
5490,7
5491,8
5492,1
5493,4
5494,8
5495,5
5496,9
5497,8
5498,8
5499,9
5500,9
5501,8
5502,9
5503,6
5504,1
5505,1
5506,8
5507,10
5508,2
5509,9
5510,9
5511,9
5512,1
5513,8
5514,4
5515,1
5516,1
5517,8
5518,9
5519,1
5520,10
5521,8
5522,8
5523,2
5524,9
5525,7
5526,4
5527,4
5528,8
5529,8
5530,1
5531,7
5532,5
5533,8
5534,8
5535,3
5536,9
5537,1
5538,5
5539,5
5540,5
5541,1
5542,8
5543,10
5544,8
5545,8
5546,8
5547,6
5548,0
5549,1
5550,8
5551,8
5552,1
5553,7
5554,8
5555,8
5556,8
5557,0
5558,5
5559,8
5560,7
5561,0
5562,8
5563,4
5564,10
5565,8
5566,10
5567,1
5568,8
5569,1
5570,8
5571,8
5572,9
5573,8
5574,10
5575,4
5576,7
5577,7
5578,8
5579,6
5580,6
5581,8
5582,1
5583,8
5584,8
5585,8
5586,8
5587,8
5588,3
5589,2
5590,5
5591,8
5592,8
5593,0
5594,7
5595,6
5596,1
5597,8
5598,5
5599,8
5600,8
5601,5
5602,0
5603,8
5604,0
5605,10
5606,6
5607,8
5608,5
5609,7
5610,8
5611,9
5612,8
5613,6
5614,9
5615,6
5616,8
5617,5
5618,1
5619,5
5620,7
5621,8
5622,8
5623,1
5624,10
5625,8
5626,10
5627,8
5628,10
5629,8
5630,8
5631,1
5632,10
5633,8
5634,9
5635,5
5636,10
5637,8
5638,8
5639,8
5640,9
5641,1
5642,7
5643,10
5644,1
5645,4
5646,10
5647,8
5648,8
5649,8
5650,8
5651,5
5652,4
5653,8
5654,8
5655,9
5656,8
5657,8
5658,1
5659,7
5660,1
5661,5
5662,8
5663,8
5664,8
5665,8
5666,8
5667,4
5668,8
5669,10
5670,1
5671,7
5672,10
5673,10
5674,10
5675,0
5676,8
5677,8
5678,5
5679,7
5680,10
5681,8
5682,8
5683,7
5684,10
5685,8
5686,8
5687,9
5688,7
5689,7
5690,6
5691,8
5692,8
5693,7
5694,8
5695,8
5696,8
5697,5
5698,7
5699,5
5700,10
5701,8
5702,10
5703,3
5704,1
5705,8
5706,5
5707,0
5708,5
5709,8
5710,9
5711,9
5712,8
5713,8
5714,8
5715,8
5716,4
5717,5
5718,10
5719,8
5720,8
5721,9
5722,9
5723,8
5724,7
5725,9
5726,8
5727,6
5728,9
5729,8
5730,2
5731,10
5732,10
5733,7
5734,10
5735,4
5736,8
5737,8
5738,8
5739,8
5740,9
5741,8
5742,8
5743,9
5744,8
5745,8
5746,7
5747,9
5748,5
5749,0
5750,6
5751,1
5752,6
5753,8
5754,9
5755,9
5756,8
5757,7
5758,8
5759,7
5760,10
5761,7
5762,10
5763,8
5764,8
5765,2
5766,8
5767,10
5768,5
5769,1
5770,7
5771,8
5772,8
5773,0
5774,8
5775,6
5776,8
5777,8
5778,8
5779,8
5780,8
5781,8
5782,8
5783,5
5784,1
5785,6
5786,8
5787,1
5788,10
5789,10
5790,8
5791,1
5792,8
5793,7
5794,8
5795,8
5796,1
5797,7
5798,9
5799,8
5800,5
5801,7
5802,4
5803,8
5804,8
5805,4
5806,8
5807,8
5808,7
5809,8
5810,8
5811,8
5812,1
5813,1
5814,8
5815,0
5816,8
5817,8
5818,5
5819,6
5820,1
5821,4
5822,10
5823,10
5824,9
5825,10
5826,8
5827,8
5828,10
5829,6
5830,8
5831,1
5832,7
5833,8
5834,7
5835,9
5836,10
5837,5
5838,9
5839,7
5840,4
5841,10
5842,9
5843,8
5844,3
5845,1
5846,3
5847,4
5848,8
5849,9
5850,0
5851,1
5852,1
5853,0
5854,10
5855,10
5856,8
5857,4
5858,8
5859,6
5860,8
5861,8
5862,9
5863,5
5864,8
5865,1
5866,4
5867,8
5868,1
5869,10
5870,8
5871,3
5872,10
5873,7
5874,8
5875,10
5876,9
5877,10
5878,5
5879,4
5880,10
5881,8
5882,10
5883,1
5884,1
5885,8
5886,8
5887,8
5888,8
5889,8
5890,0
5891,8
5892,8
5893,6
5894,7
5895,10
5896,6
5897,8
5898,7
5899,9
5900,5
5901,3
5902,5
5903,8
5904,5
5905,8
5906,5
5907,10
5908,10
5909,9
5910,8
5911,8
5912,6
5913,1
5914,1
5915,1
5916,5
5917,5
5918,9
5919,4
5920,10
5921,10
5922,8
5923,4
5924,10
5925,5
5926,10
5927,5
5928,9
5929,10
5930,7
5931,9
5932,8
5933,0
5934,5
5935,0
5936,10
5937,5
5938,1
5939,5
5940,1
5941,9
5942,7
5943,8
5944,3
5945,2
5946,10
5947,8
5948,8
5949,10
5950,8
5951,2
5952,8
5953,5
5954,8
5955,9
5956,8
5957,8
5958,4
5959,8
5960,1
5961,5
5962,4
5963,5
5964,1
5965,0
5966,2
5967,8
5968,4
5969,9
5970,8
5971,7
5972,1
5973,8
5974,5
5975,8
5976,8
5977,4
5978,8
5979,6
5980,1
5981,8
5982,7
5983,6
5984,8
5985,10
5986,5
5987,4
5988,1
5989,1
5990,7
5991,7
5992,10
5993,0
5994,9
5995,1
5996,8
5997,10
5998,8
5999,6
6000,0
6001,9
6002,6
6003,4
6004,10
6005,5
6006,8
6007,10
6008,8
6009,5
6010,8
6011,1
6012,1
6013,8
6014,1
6015,10
6016,8
6017,8
6018,10
6019,1
6020,7
6021,8
6022,10
6023,8
6024,9
6025,4
6026,9
6027,5
6028,8
6029,10
6030,5
6031,8
6032,5
6033,1
6034,10
6035,1
6036,8
6037,9
6038,4
6039,7
6040,5
6041,6
6042,1
6043,9
6044,8
6045,5
6046,8
6047,5
6048,9
6049,8
6050,1
6051,10
6052,8
6053,8
6054,8
6055,7
6056,5
6057,8
6058,5
6059,0
6060,4
6061,5
6062,9
6063,8
6064,8
6065,5
6066,8
6067,7
6068,8
6069,8
6070,8
6071,7
6072,8
6073,8
6074,10
6075,1
6076,10
6077,5
6078,1
6079,9
6080,8
6081,10
6082,10
6083,8
6084,9
6085,8
6086,8
6087,10
6088,7
6089,8
6090,8
6091,8
6092,1
6093,10
6094,8
6095,9
6096,8
6097,5
6098,1
6099,5
6100,1
6101,9
6102,9
6103,1
6104,4
6105,8
6106,8
6107,9
6108,1
6109,10
6110,9
6111,7
6112,7
6113,8
6114,10
6115,10
6116,1
6117,10
6118,1
6119,1
6120,1
6121,8
6122,8
6123,8
6124,8
6125,9
6126,0
6127,10
6128,5
6129,8
6130,8
6131,6
6132,8
6133,8
6134,7
6135,1
6136,8
6137,8
6138,5
6139,4
6140,8
6141,1
6142,5
6143,10
6144,10
6145,10
6146,8
6147,1
6148,2
6149,5
6150,5
6151,9
6152,10
6153,8
6154,8
6155,1
6156,8
6157,8
6158,8
6159,10
6160,5
6161,10
6162,9
6163,8
6164,4
6165,8
6166,7
6167,8
6168,9
6169,8
6170,9
6171,1
6172,8
6173,5
6174,8
6175,8
6176,5
6177,5
6178,7
6179,7
6180,8
6181,7
6182,8
6183,8
6184,8
6185,6
6186,3
6187,8
6188,8
6189,4
6190,5
6191,1
6192,5
6193,7
6194,8
6195,6
6196,8
6197,1
6198,1
6199,10
6200,8
6201,8
6202,8
6203,10
6204,8
6205,10
6206,8
6207,0
6208,7
6209,5
6210,0
6211,2
6212,8
6213,8
6214,7
6215,8
6216,7
6217,9
6218,8
6219,1
6220,8
6221,5
6222,5
6223,9
6224,10
6225,5
6226,7
6227,8
6228,10
6229,8
6230,7
6231,5
6232,9
6233,10
6234,8
6235,10
6236,1
6237,1
6238,2
6239,6
6240,7
6241,5
6242,5
6243,8
6244,1
6245,0
6246,8
6247,8
6248,10
6249,1
6250,10
6251,8
6252,5
6253,10
6254,4
6255,6
6256,8
6257,7
6258,10
6259,10
6260,5
6261,4
6262,7
6263,8
6264,10
6265,5
6266,2
6267,8
6268,2
6269,8
6270,4
6271,8
6272,8
6273,8
6274,7
6275,1
6276,0
6277,8
6278,8
6279,8
6280,4
6281,8
6282,1
6283,8
6284,8
6285,4
6286,8
6287,5
6288,8
6289,10
6290,7
6291,5
6292,1
6293,8
6294,8
6295,8
6296,10
6297,10
6298,10
6299,8
6300,0
6301,9
6302,10
6303,8
6304,8
6305,10
6306,6
6307,1
6308,7
6309,8
6310,10
6311,8
6312,6
6313,1
6314,8
6315,8
6316,3
6317,8
6318,4
6319,8
6320,0
6321,1
6322,7
6323,8
6324,10
6325,8
6326,1
6327,5
6328,1
6329,8
6330,10
6331,10
6332,9
6333,4
6334,0
6335,8
6336,8
6337,6
6338,1
6339,10
6340,8
6341,8
6342,7
6343,8
6344,1
6345,8
6346,8
6347,1
6348,7
6349,8
6350,10
6351,0
6352,10
6353,9
6354,10
6355,5
6356,5
6357,8
6358,5
6359,10
6360,4
6361,8
6362,10
6363,8
6364,10
6365,8
6366,10
6367,10
6368,5
6369,4
6370,8
6371,0
6372,8
6373,8
6374,9
6375,5
6376,1
6377,8
6378,8
6379,1
6380,8
6381,8
6382,8
6383,9
6384,8
6385,1
6386,8
6387,8
6388,8
6389,9
6390,5
6391,8
6392,5
6393,10
6394,8
6395,8
6396,8
6397,8
6398,5
6399,2
6400,8
6401,7
6402,7
6403,10
6404,8
6405,7
6406,8
6407,8
6408,8
6409,7
6410,9
6411,8
6412,8
6413,8
6414,3
6415,10
6416,6
6417,1
6418,8
6419,8
6420,8
6421,7
6422,8
6423,6
6424,9
6425,8
6426,8
6427,8
6428,6
6429,6
6430,8
6431,9
6432,8
6433,5
6434,5
6435,1
6436,0
6437,9
6438,8
6439,5
6440,7
6441,7
6442,7
6443,4
6444,1
6445,8
6446,8
6447,8
6448,8
6449,8
6450,8
6451,8
6452,0
6453,9
6454,8
6455,3
6456,2
6457,1
6458,1
6459,8
6460,0
6461,5
6462,4
6463,9
6464,9
6465,8
6466,0
6467,7
6468,8
6469,5
6470,4
6471,8
6472,2
6473,4
6474,5
6475,8
6476,9
6477,5
6478,8
6479,1
6480,7
6481,10
6482,8
6483,8
6484,4
6485,4
6486,8
6487,8
6488,8
6489,7
6490,8
6491,6
6492,0
6493,8
6494,6
6495,7
6496,8
6497,7
6498,1
6499,7
6500,10
6501,7
6502,10
6503,1
6504,0
6505,8
6506,10
6507,10
6508,6
6509,9
6510,1
6511,1
6512,1
6513,10
6514,1
6515,8
6516,8
6517,8
6518,5
6519,9
6520,6
6521,8
6522,3
6523,2
6524,8
6525,8
6526,5
6527,10
6528,4
6529,8
6530,9
6531,4
6532,7
6533,9
6534,6
6535,6
6536,0
6537,8
6538,8
6539,8
6540,5
6541,8
6542,8
6543,8
6544,0
6545,9
6546,9
6547,8
6548,8
6549,0
6550,8
6551,5
6552,6
6553,5
6554,5
6555,10
6556,1
6557,0
6558,8
6559,3
6560,1
6561,8
6562,10
6563,8
6564,8
6565,8
6566,7
6567,8
6568,1
6569,5
6570,5
6571,10
6572,9
6573,8
6574,10
6575,8
6576,10
6577,8
6578,5
6579,0
6580,8
6581,8
6582,8
6583,8
6584,9
6585,4
6586,8
6587,1
6588,9
6589,4
6590,9
6591,6
6592,5
6593,8
6594,0
6595,5
6596,8
6597,7
6598,8
6599,8
6600,8
6601,8
6602,6
6603,8
6604,9
6605,8
6606,8
6607,8
6608,8
6609,8
6610,8
6611,1
6612,10
6613,8
6614,8
6615,9
6616,4
6617,2
6618,8
6619,8
6620,8
6621,8
6622,10
6623,5
6624,8
6625,8
6626,4
6627,7
6628,8
6629,10
6630,1
6631,7
6632,8
6633,8
6634,7
6635,8
6636,8
6637,8
6638,7
6639,7
6640,8
6641,8
6642,8
6643,8
6644,0
6645,6
6646,8
6647,8
6648,7
6649,8
6650,8
6651,8
6652,8
6653,3
6654,4
6655,8
6656,8
6657,5
6658,8
6659,10
6660,10
6661,8
6662,8
6663,0
6664,1
6665,8
6666,10
6667,5
6668,0
6669,8
6670,3
6671,8
6672,1
6673,10
6674,8
6675,10
6676,6
6677,2
6678,8
6679,5
6680,1
6681,8
6682,8
6683,8
6684,9
6685,1
6686,8
6687,8
6688,7
6689,8
6690,8
6691,8
6692,7
6693,8
6694,10
6695,8
6696,0
6697,7
6698,8
6699,4
6700,1
6701,1
6702,8
6703,0
6704,8
6705,8
6706,1
6707,8
6708,7
6709,10
6710,8
6711,1
6712,5
6713,5
6714,8
6715,6
6716,6
6717,8
6718,8
6719,5
6720,5
6721,8
6722,8
6723,8
6724,8
6725,6
6726,7
6727,10
6728,8
6729,10
6730,8
6731,8
6732,8
6733,8
6734,8
6735,10
6736,8
6737,1
6738,8
6739,10
6740,5
6741,7
6742,7
6743,10
6744,4
6745,8
6746,8
6747,5
6748,8
6749,8
6750,2
6751,1
6752,8
6753,8
6754,10
6755,10
6756,4
6757,10
6758,1
6759,8
6760,10
6761,1
6762,1
6763,8
6764,8
6765,1
6766,8
6767,8
6768,1
6769,10
6770,8
6771,4
6772,4
6773,10
6774,8
6775,8
6776,7
6777,8
6778,2
6779,0
6780,10
6781,8
6782,10
6783,7
6784,8
6785,8
6786,5
6787,5
6788,8
6789,8
6790,8
6791,9
6792,8
6793,9
6794,7
6795,7
6796,8
6797,5
6798,2
6799,5
6800,3
6801,10
6802,1
6803,8
6804,4
6805,2
6806,0
6807,5
6808,4
6809,8
6810,8
6811,10
6812,4
6813,0
6814,1
6815,6
6816,0
6817,8
6818,8
6819,5
6820,10
6821,0
6822,4
6823,9
6824,9
6825,9
6826,6
6827,4
6828,8
6829,8
6830,7
6831,8
6832,4
6833,10
6834,0
6835,8
6836,8
6837,8
6838,1
6839,4
6840,0
6841,8
6842,10
6843,8
6844,1
6845,8
6846,8
6847,0
6848,10
6849,9
6850,8
6851,10
6852,4
6853,8
6854,5
6855,7
6856,3
6857,5
6858,1
6859,8
6860,8
6861,8
6862,8
6863,9
6864,8
6865,5
6866,10
6867,1
6868,8
6869,8
6870,8
6871,1
6872,10
6873,8
6874,8
6875,7
6876,10
6877,9
6878,1
6879,8
6880,10
6881,8
6882,6
6883,8
6884,6
6885,0
6886,5
6887,8
6888,10
6889,1
6890,9
6891,7
6892,8
6893,5
6894,1
6895,7
6896,7
6897,6
6898,9
6899,9
6900,1
6901,8
6902,5
6903,8
6904,4
6905,7
6906,1
6907,2
6908,8
6909,0
6910,4
6911,8
6912,8
6913,7
6914,4
6915,9
6916,10
6917,8
6918,6
6919,4
6920,8
6921,8
6922,4
6923,1
6924,8
6925,4
6926,10
6927,10
6928,8
6929,1
6930,9
6931,9
6932,1
6933,9
6934,10
6935,8
6936,10
6937,1
6938,6
6939,10
6940,8
6941,5
6942,1
6943,8
6944,3
6945,8
6946,9
6947,8
6948,9
6949,5
6950,5
6951,10
6952,8
6953,0
6954,7
6955,8
6956,8
6957,8
6958,8
6959,10
6960,8
6961,6
6962,5
6963,8
6964,0
6965,2
6966,8
6967,1
6968,6
6969,1
6970,6
6971,1
6972,4
6973,10
6974,1
6975,8
6976,8
6977,8
6978,1
6979,7
6980,4
6981,8
6982,7
6983,8
6984,8
6985,4
6986,8
6987,8
6988,1
6989,10
6990,8
6991,8
6992,0
6993,10
6994,4
6995,8
6996,10
6997,5
6998,8
6999,8
7000,5
7001,8
7002,10
7003,8
7004,9
7005,8
7006,1
7007,9
7008,1
7009,8
7010,1
7011,8
7012,8
7013,8
7014,10
7015,1
7016,8
7017,5
7018,8
7019,1
7020,6
7021,8
7022,10
7023,1
7024,0
7025,8
7026,7
7027,10
7028,1
7029,9
7030,8
7031,5
7032,6
7033,8
7034,4
7035,4
7036,8
7037,8
7038,8
7039,8
7040,2
7041,10
7042,8
7043,8
7044,3
7045,6
7046,9
7047,0
7048,8
7049,8
7050,2
7051,7
7052,6
7053,1
7054,8
7055,8
7056,8
7057,7
7058,8
7059,8
7060,8
7061,10
7062,1
7063,1
7064,0
7065,5
7066,8
7067,10
7068,8
7069,1
7070,8
7071,8
7072,10
7073,8
7074,9
7075,8
7076,1
7077,6
7078,8
7079,8
7080,1
7081,4
7082,8
7083,1
7084,8
7085,8
7086,9
7087,5
7088,7
7089,1
7090,8
7091,9
7092,8
7093,1
7094,7
7095,8
7096,8
7097,7
7098,8
7099,8
7100,6
7101,4
7102,0
7103,10
7104,1
7105,8
7106,4
7107,8
7108,8
7109,3
7110,6
7111,7
7112,5
7113,8
7114,1
7115,8
7116,8
7117,10
7118,8
7119,1
7120,8
7121,9
7122,9
7123,8
7124,8
7125,8
7126,6
7127,8
7128,1
7129,1
7130,9
7131,9
7132,1
7133,10
7134,4
7135,5
7136,5
7137,1
7138,9
7139,8
7140,6
7141,6
7142,8
7143,0
7144,8
7145,8
7146,5
7147,7
7148,4
7149,0
7150,10
7151,8
7152,8
7153,5
7154,7
7155,3
7156,8
7157,7
7158,1
7159,1
7160,5
7161,9
7162,8
7163,10
7164,7
7165,8
7166,8
7167,10
7168,4
7169,10
7170,0
7171,0
7172,1
7173,10
7174,8
7175,1
7176,8
7177,8
7178,8
7179,7
7180,8
7181,4
7182,7
7183,8
7184,9
7185,8
7186,7
7187,0
7188,1
7189,8
7190,1
7191,7
7192,10
7193,10
7194,4
7195,4
7196,8
7197,8
7198,8
7199,8
7200,4
7201,5
7202,8
7203,8
7204,8
7205,5
7206,1
7207,4
7208,0
7209,1
7210,1
7211,7
7212,8
7213,6
7214,8
7215,8
7216,0
7217,1
7218,1
7219,8
7220,7
7221,8
7222,1
7223,8
7224,8
7225,6
7226,8
7227,9
7228,8
7229,5
7230,8
7231,6
7232,4
7233,8
7234,10
7235,4
7236,0
7237,8
7238,10
7239,10
7240,8
7241,1
7242,1
7243,7
7244,1
7245,1
7246,3
7247,1
7248,10
7249,1
7250,1
7251,1
7252,5
7253,2
7254,7
7255,9
7256,1
7257,4
7258,8
7259,9
7260,1
7261,4
7262,8
7263,10
7264,1
7265,8
7266,8
7267,9
7268,8
7269,7
7270,3
7271,5
7272,8
7273,8
7274,8
7275,10
7276,8
7277,8
7278,1
7279,10
7280,9
7281,8
7282,8
7283,8
7284,9
7285,10
7286,1
7287,10
7288,8
7289,10
7290,5
7291,9
7292,1
7293,7
7294,1
7295,7
7296,8
7297,8
7298,9
7299,8
7300,7
7301,4
7302,4
7303,0
7304,5
7305,1
7306,8
7307,8
7308,5
7309,4
7310,8
7311,7
7312,1
7313,8
7314,8
7315,7
7316,10
7317,6
7318,4
7319,8
7320,7
7321,1
7322,9
7323,1
7324,4
7325,10
7326,1
7327,8
7328,8
7329,1
7330,8
7331,5
7332,8
7333,5
7334,8
7335,8
7336,8
7337,5
7338,8
7339,4
7340,1
7341,10
7342,0
7343,7
7344,4
7345,6
7346,1
7347,8
7348,7
7349,1
7350,8
7351,1
7352,10
7353,10
7354,1
7355,10
7356,4
7357,5
7358,2
7359,8
7360,10
7361,9
7362,8
7363,4
7364,7
7365,8
7366,10
7367,0
7368,8
7369,8
7370,8
7371,5
7372,8
7373,5
7374,8
7375,8
7376,8
7377,1
7378,9
7379,2
7380,8
7381,8
7382,9
7383,8
7384,10
7385,8
7386,8
7387,1
7388,10
7389,5
7390,7
7391,8
7392,4
7393,8
7394,8
7395,8
7396,1
7397,1
7398,1
7399,1
7400,8
7401,1
7402,9
7403,5
7404,2
7405,10
7406,1
7407,8
7408,8
7409,8
7410,0
7411,8
7412,0
7413,10
7414,8
7415,6
7416,4
7417,5
7418,7
7419,4
7420,10
7421,0
7422,8
7423,8
7424,9
7425,8
7426,10
7427,0
7428,8
7429,10
7430,7
7431,9
7432,4
7433,10
7434,8
7435,10
7436,8
7437,5
7438,7
7439,8
7440,8
7441,8
7442,8
7443,0
7444,10
7445,10
7446,7
7447,9
7448,9
7449,8
7450,1
7451,8
7452,4
7453,8
7454,4
7455,8
7456,10
7457,7
7458,7
7459,5
7460,8
7461,7
7462,8
7463,7
7464,8
7465,1
7466,9
7467,5
7468,8
7469,8
7470,0
7471,5
7472,8
7473,8
7474,8
7475,6
7476,8
7477,4
7478,8
7479,8
7480,1
7481,8
7482,8
7483,6
7484,1
7485,8
7486,5
7487,10
7488,3
7489,7
7490,1
7491,8
7492,10
7493,9
7494,9
7495,4
7496,10
7497,0
7498,1
7499,8
7500,7
7501,10
7502,8
7503,5
7504,10
7505,1
7506,8
7507,4
7508,9
7509,8
7510,10
7511,7
7512,10
7513,8
7514,9
7515,7
7516,8
7517,6
7518,7
7519,7
7520,1
7521,9
7522,1
7523,8
7524,8
7525,8
7526,1
7527,8
7528,4
7529,10
7530,9
7531,8
7532,8
7533,5
7534,8
7535,9
7536,8
7537,4
7538,10
7539,8
7540,1
7541,5
7542,6
7543,3
7544,1
7545,8
7546,10
7547,7
7548,0
7549,1
7550,8
7551,1
7552,8
7553,8
7554,9
7555,5
7556,10
7557,4
7558,10
7559,7
7560,8
7561,10
7562,5
7563,5
7564,5
7565,9
7566,8
7567,2
7568,0
7569,9
7570,10
7571,8
7572,8
7573,1
7574,10
7575,2
7576,4
7577,8
7578,5
7579,8
7580,8
7581,0
7582,10
7583,3
7584,8
7585,10
7586,4
7587,4
7588,8
7589,10
7590,8
7591,9
7592,8
7593,8
7594,10
7595,8
7596,6
7597,1
7598,8
7599,1
7600,4
7601,8
7602,8
7603,4
7604,8
7605,7
7606,8
7607,8
7608,9
7609,10
7610,8
7611,8
7612,7
7613,7
7614,8
7615,7
7616,7
7617,4
7618,8
7619,8
7620,10
7621,8
7622,8
7623,8
7624,10
7625,4
7626,8
7627,8
7628,10
7629,5
7630,5
7631,1
7632,10
7633,1
7634,10
7635,8
7636,8
7637,8
7638,8
7639,8
7640,8
7641,10
7642,1
7643,8
7644,8
7645,6
7646,8
7647,8
7648,7
7649,0
7650,8
7651,0
7652,8
7653,9
7654,10
7655,4
7656,1
7657,5
7658,1
7659,8
7660,10
7661,8
7662,8
7663,8
7664,8
7665,8
7666,6
7667,4
7668,8
7669,8
7670,8
7671,0
7672,8
7673,8
7674,7
7675,8
7676,6
7677,5
7678,10
7679,8
7680,7
7681,8
7682,8
7683,8
7684,7
7685,8
7686,8
7687,1
7688,1
7689,10
7690,10
7691,8
7692,8
7693,1
7694,10
7695,7
7696,5
7697,8
7698,9
7699,8
7700,8
7701,8
7702,5
7703,0
7704,1
7705,8
7706,0
7707,9
7708,8
7709,1
7710,8
7711,7
7712,1
7713,5
7714,7
7715,8
7716,8
7717,10
7718,8
7719,8
7720,8
7721,0
7722,10
7723,10
7724,8
7725,10
7726,8
7727,8
7728,8
7729,9
7730,10
7731,1
7732,0
7733,8
7734,9
7735,1
7736,10
7737,6
7738,9
7739,8
7740,5
7741,7
7742,4
7743,8
7744,8
7745,7
7746,8
7747,10
7748,8
7749,5
7750,8
7751,10
7752,10
7753,4
7754,1
7755,0
7756,0
7757,7
7758,1
7759,4
7760,5
7761,9
7762,10
7763,8
7764,8
7765,4
7766,8
7767,8
7768,6
7769,7
7770,5
7771,1
7772,7
7773,8
7774,1
7775,4
7776,10
7777,7
7778,8
7779,10
7780,2
7781,7
7782,5
7783,10
7784,10
7785,6
7786,0
7787,10
7788,6
7789,6
7790,8
7791,9
7792,6
7793,7
7794,8
7795,1
7796,8
7797,5
7798,7
7799,8
7800,8
7801,4
7802,4
7803,1
7804,8
7805,1
7806,7
7807,8
7808,8
7809,6
7810,4
7811,8
7812,5
7813,10
7814,9
7815,9
7816,8
7817,6
7818,10
7819,8
7820,1
7821,9
7822,8
7823,8
7824,8
7825,8
7826,9
7827,8
7828,4
7829,1
7830,8
7831,0
7832,1
7833,8
7834,4
7835,8
7836,4
7837,8
7838,7
7839,8
7840,1
7841,7
7842,4
7843,1
7844,1
7845,1
7846,8
7847,0
7848,4
7849,8
7850,5
7851,8
7852,6
7853,8
7854,8
7855,8
7856,8
7857,3
7858,1
7859,8
7860,8
7861,8
7862,1
7863,8
7864,8
7865,0
7866,8
7867,8
7868,1
7869,9
7870,8
7871,8
7872,10
7873,8
7874,8
7875,8
7876,1
7877,2
7878,7
7879,7
7880,6
7881,8
7882,1
7883,2
7884,10
7885,1
7886,7
7887,4
7888,8
7889,0
7890,8
7891,10
7892,7
7893,5
7894,8
7895,8
7896,8
7897,6
7898,8
7899,8
7900,8
7901,9
7902,10
7903,8
7904,1
7905,9
7906,8
7907,1
7908,8
7909,8
7910,8
7911,8
7912,8
7913,10
7914,8
7915,9
7916,5
7917,7
7918,9
7919,7
7920,8
7921,4
7922,1
7923,1
7924,8
7925,4
7926,7
7927,4
7928,8
7929,8
7930,5
7931,2
7932,9
7933,8
7934,8
7935,9
7936,8
7937,1
7938,8
7939,6
7940,5
7941,4
7942,10
7943,1
7944,7
7945,10
7946,8
7947,1
7948,8
7949,4
7950,6
7951,1
7952,5
7953,1
7954,8
7955,1
7956,5
7957,8
7958,0
7959,7
7960,10
7961,10
7962,1
7963,7
7964,8
7965,5
7966,1
7967,7
7968,10
7969,4
7970,8
7971,7
7972,6
7973,0
7974,8
7975,1
7976,10
7977,5
7978,8
7979,5
7980,10
7981,8
7982,7
7983,0
7984,8
7985,4
7986,5
7987,10
7988,5
7989,8
7990,1
7991,8
7992,9
7993,10
7994,7
7995,9
7996,9
7997,0
7998,9
7999,4
8000,8
8001,9
8002,1
8003,8
8004,8
8005,7
8006,6
8007,10
8008,1
8009,0
8010,8
8011,8
8012,8
8013,5
8014,1
8015,9
8016,7
8017,10
8018,6
8019,7
8020,2
8021,5
8022,5
8023,8
8024,8
8025,8
8026,10
8027,4
8028,1
8029,8
8030,7
8031,8
8032,2
8033,10
8034,1
8035,8
8036,8
8037,8
8038,10
8039,7
8040,3
8041,8
8042,4
8043,1
8044,8
8045,8
8046,8
8047,8
8048,8
8049,7
8050,8
8051,8
8052,5
8053,1
8054,6
8055,9
8056,2
8057,1
8058,8
8059,7
8060,1
8061,6
8062,8
8063,8
8064,10
8065,10
8066,8
8067,8
8068,8
8069,8
8070,8
8071,8
8072,1
8073,8
8074,5
8075,8
8076,2
8077,8
8078,5
8079,1
8080,4
8081,9
8082,8
8083,8
8084,8
8085,8
8086,9
8087,10
8088,7
8089,8
8090,7
8091,1
8092,1
8093,1
8094,8
8095,9
8096,10
8097,10
8098,8
8099,8
8100,0
8101,8
8102,8
8103,8
8104,10
8105,1
8106,8
8107,8
8108,7
8109,10
8110,8
8111,8
8112,8
8113,7
8114,8
8115,5
8116,10
8117,9
8118,5
8119,8
8120,7
8121,7
8122,8
8123,0
8124,1
8125,8
8126,8
8127,8
8128,4
8129,1
8130,10
8131,3
8132,8
8133,7
8134,10
8135,8
8136,3
8137,1
8138,1
8139,4
8140,8
8141,8
8142,5
8143,8
8144,8
8145,4
8146,1
8147,8
8148,6
8149,10
8150,5
8151,9
8152,7
8153,8
8154,8
8155,9
8156,8
8157,8
8158,1
8159,8
8160,8
8161,1
8162,2
8163,4
8164,7
8165,7
8166,8
8167,8
8168,4
8169,8
8170,9
8171,0
8172,1
8173,8
8174,7
8175,4
8176,8
8177,7
8178,8
8179,7
8180,10
8181,8
8182,8
8183,10
8184,10
8185,8
8186,0
8187,8
8188,10
8189,5
8190,8
8191,8
8192,0
8193,8
8194,1
8195,7
8196,9
8197,8
8198,9
8199,7
8200,1
8201,9
8202,7
8203,8
8204,8
8205,8
8206,4
8207,8
8208,1
8209,9
8210,7
8211,1
8212,8
8213,3
8214,7
8215,4
8216,9
8217,8
8218,8
8219,1
8220,8
8221,1
8222,9
8223,8
8224,8
8225,0
8226,8
8227,9
8228,7
8229,0
8230,8
8231,8
8232,9
8233,5
8234,10
8235,4
8236,9
8237,1
8238,9
8239,1
8240,10
8241,5
8242,9
8243,10
8244,8
8245,10
8246,9
8247,5
8248,0
8249,8
8250,10
8251,5
8252,7
8253,0
8254,10
8255,9
8256,4
8257,1
8258,7
8259,8
8260,6
8261,8
8262,2
8263,8
8264,5
8265,2
8266,5
8267,8
8268,5
8269,8
8270,3
8271,8
8272,8
8273,10
8274,0
8275,8
8276,10
8277,0
8278,8
8279,4
8280,7
8281,0
8282,7
8283,10
8284,6
8285,10
8286,7
8287,9
8288,8
8289,3
8290,0
8291,8
8292,1
8293,10
8294,8
8295,9
8296,4
8297,1
8298,9
8299,1
8300,8
8301,5
8302,5
8303,8
8304,6
8305,7
8306,10
8307,1
8308,8
8309,1
8310,5
8311,8
8312,8
8313,10
8314,8
8315,10
8316,8
8317,10
8318,8
8319,5
8320,8
8321,5
8322,8
8323,1
8324,10
8325,8
8326,0
8327,6
8328,1
8329,9
8330,10
8331,3
8332,8
8333,8
8334,1
8335,1
8336,0
8337,9
8338,8
8339,1
8340,10
8341,10
8342,8
8343,9
8344,1
8345,8
8346,5
8347,10
8348,8
8349,8
8350,10
8351,8
8352,5
8353,0
8354,5
8355,6
8356,6
8357,1
8358,7
8359,9
8360,8
8361,8
8362,1
8363,8
8364,5
8365,10
8366,10
8367,4
8368,10
8369,8
8370,6
8371,8
8372,1
8373,8
8374,5
8375,7
8376,8
8377,8
8378,8
8379,0
8380,10
8381,8
8382,8
8383,6
8384,8
8385,1
8386,8
8387,5
8388,1
8389,6
8390,5
8391,10
8392,0
8393,1
8394,1
8395,6
8396,7
8397,5
8398,8
8399,7
8400,8
8401,4
8402,8
8403,5
8404,10
8405,8
8406,8
8407,7
8408,8
8409,7
8410,10
8411,8
8412,8
8413,8
8414,8
8415,4
8416,1
8417,8
8418,8
8419,8
8420,9
8421,3
8422,4
8423,5
8424,10
8425,8
8426,5
8427,8
8428,8
8429,1
8430,4
8431,5
8432,10
8433,8
8434,8
8435,8
8436,8
8437,7
8438,8
8439,7
8440,1
8441,10
8442,7
8443,8
8444,8
8445,6
8446,8
8447,3
8448,8
8449,8
8450,10
8451,6
8452,8
8453,8
8454,9
8455,7
8456,8
8457,1
8458,8
8459,10
8460,8
8461,10
8462,7
8463,4
8464,8
8465,10
8466,9
8467,5
8468,10
8469,0
8470,8
8471,8
8472,1
8473,8
8474,8
8475,6
8476,7
8477,8
8478,4
8479,8
8480,8
8481,8
8482,5
8483,1
8484,9
8485,0
8486,8
8487,8
8488,4
8489,10
8490,8
8491,6
8492,7
8493,9
8494,0
8495,9
8496,8
8497,10
8498,8
8499,1
8500,8
8501,0
8502,7
8503,9
8504,8
8505,8
8506,8
8507,8
8508,8
8509,8
8510,5
8511,8
8512,9
8513,9
8514,7
8515,8
8516,10
8517,8
8518,8
8519,4
8520,8
8521,7
8522,3
8523,1
8524,1
8525,8
8526,8
8527,8
8528,5
8529,8
8530,5
8531,8
8532,10
8533,8
8534,7
8535,8
8536,4
8537,8
8538,8
8539,8
8540,2
8541,4
8542,7
8543,8
8544,8
8545,8
8546,8
8547,5
8548,4
8549,10
8550,1
8551,7
8552,2
8553,7
8554,8
8555,5
8556,4
8557,8
8558,7
8559,8
8560,5
8561,5
8562,9
8563,1
8564,10
8565,7
8566,8
8567,5
8568,10
8569,8
8570,8
8571,1
8572,5
8573,4
8574,8
8575,8
8576,8
8577,8
8578,10
8579,0
8580,1
8581,9
8582,8
8583,7
8584,7
8585,8
8586,5
8587,8
8588,8
8589,8
8590,5
8591,10
8592,1
8593,5
8594,8
8595,4
8596,7
8597,10
8598,0
8599,0
8600,8
8601,8
8602,1
8603,8
8604,10
8605,1
8606,9
8607,8
8608,5
8609,1
8610,7
8611,0
8612,8
8613,1
8614,6
8615,1
8616,5
8617,8
8618,10
8619,10
8620,10
8621,10
8622,8
8623,9
8624,8
8625,8
8626,9
8627,10
8628,8
8629,10
8630,5
8631,1
8632,9
8633,1
8634,5
8635,8
8636,8
8637,8
8638,10
8639,7
8640,8
8641,1
8642,7
8643,1
8644,1
8645,10
8646,8
8647,8
8648,4
8649,10
8650,7
8651,2
8652,1
8653,0
8654,7
8655,6
8656,1
8657,8
8658,4
8659,7
8660,9
8661,10
8662,5
8663,7
8664,10
8665,8
8666,6
8667,8
8668,0
8669,8
8670,8
8671,5
8672,5
8673,8
8674,8
8675,8
8676,9
8677,8
8678,10
8679,1
8680,7
8681,1
8682,7
8683,10
8684,6
8685,6
8686,8
8687,5
8688,8
8689,8
8690,8
8691,10
8692,8
8693,8
8694,1
8695,7
8696,10
8697,0
8698,8
8699,7
8700,8
8701,5
8702,9
8703,8
8704,8
8705,9
8706,8
8707,7
8708,2
8709,1
8710,8
8711,7
8712,0
8713,1
8714,7
8715,8
8716,5
8717,8
8718,8
8719,8
8720,8
8721,7
8722,9
8723,10
8724,3
8725,4
8726,1
8727,1
8728,7
8729,8
8730,0
8731,8
8732,10
8733,7
8734,8
8735,5
8736,8
8737,8
8738,7
8739,8
8740,8
8741,8
8742,5
8743,1
8744,4
8745,1
8746,8
8747,7
8748,5
8749,0
8750,8
8751,6
8752,7
8753,8
8754,8
8755,6
8756,8
8757,6
8758,0
8759,7
8760,8
8761,5
8762,1
8763,5
8764,4
8765,7
8766,8
8767,7
8768,10
8769,8
8770,1
8771,3
8772,7
8773,6
8774,2
8775,4
8776,7
8777,0
8778,8
8779,1
8780,4
8781,1
8782,2
8783,8
8784,8
8785,7
8786,8
8787,8
8788,8
8789,8
8790,4
8791,8
8792,10
8793,4
8794,10
8795,8
8796,8
8797,8
8798,5
8799,8
8800,8
8801,10
8802,1
8803,6
8804,10
8805,5
8806,1
8807,8
8808,5
8809,8
8810,10
8811,8
8812,9
8813,6
8814,8
8815,8
8816,4
8817,8
8818,7
8819,8
8820,4
8821,10
8822,5
8823,0
8824,10
8825,8
8826,8
8827,7
8828,4
8829,8
8830,5
8831,10
8832,9
8833,8
8834,10
8835,0
8836,8
8837,10
8838,8
8839,1
8840,8
8841,0
8842,7
8843,8
8844,5
8845,1
8846,10
8847,8
8848,0
8849,8
8850,8
8851,10
8852,7
8853,8
8854,8
8855,1
8856,1
8857,0
8858,3
8859,7
8860,9
8861,10
8862,7
8863,5
8864,8
8865,1
8866,9
8867,7
8868,6
8869,8
8870,1
8871,9
8872,7
8873,10
8874,7
8875,8
8876,8
8877,10
8878,6
8879,8
8880,10
8881,0
8882,4
8883,1
8884,9
8885,9
8886,8
8887,8
8888,9
8889,1
8890,1
8891,1
8892,1
8893,8
8894,4
8895,4
8896,1
8897,8
8898,8
8899,0
8900,4
8901,9
8902,1
8903,6
8904,8
8905,8
8906,1
8907,9
8908,5
8909,9
8910,4
8911,5
8912,8
8913,6
8914,10
8915,8
8916,8
8917,8
8918,8
8919,7
8920,6
8921,1
8922,0
8923,2
8924,8
8925,9
8926,10
8927,0
8928,10
8929,7
8930,1
8931,6
8932,1
8933,8
8934,4
8935,8
8936,4
8937,7
8938,9
8939,10
8940,8
8941,8
8942,0
8943,0
8944,2
8945,8
8946,10
8947,8
8948,5
8949,1
8950,5
8951,4
8952,8
8953,2
8954,10
8955,8
8956,8
8957,10
8958,4
8959,5
8960,9
8961,1
8962,8
8963,8
8964,8
8965,8
8966,8
8967,5
8968,8
8969,0
8970,10
8971,1
8972,8
8973,6
8974,9
8975,10
8976,10
8977,4
8978,4
8979,6
8980,4
8981,1
8982,8
8983,8
8984,8
8985,10
8986,10
8987,8
8988,5
8989,7
8990,1
8991,1
8992,1
8993,5
8994,0
8995,4
8996,5
8997,7
8998,10
8999,5
9000,1
9001,5
9002,8
9003,1
9004,8
9005,8
9006,9
9007,10
9008,8
9009,8
9010,7
9011,0
9012,1
9013,6
9014,8
9015,10
9016,8
9017,6
9018,8
9019,1
9020,1
9021,8
9022,1
9023,5
9024,8
9025,5
9026,8
9027,8
9028,8
9029,1
9030,9
9031,8
9032,8
9033,8
9034,1
9035,9
9036,8
9037,4
9038,5
9039,1
9040,8
9041,1
9042,8
9043,8
9044,10
9045,1
9046,8
9047,5
9048,8
9049,8
9050,8
9051,8
9052,8
9053,4
9054,4
9055,5
9056,7
9057,8
9058,7
9059,10
9060,8
9061,0
9062,5
9063,8
9064,9
9065,10
9066,9
9067,9
9068,10
9069,0
9070,5
9071,10
9072,10
9073,8
9074,8
9075,9
9076,0
9077,9
9078,1
9079,10
9080,1
9081,8
9082,0
9083,10
9084,8
9085,7
9086,1
9087,7
9088,10
9089,8
9090,10
9091,8
9092,1
9093,8
9094,2
9095,8
9096,4
9097,1
9098,7
9099,8
9100,1
9101,9
9102,10
9103,9
9104,9
9105,6
9106,4
9107,8
9108,5
9109,10
9110,5
9111,3
9112,8
9113,0
9114,9
9115,4
9116,0
9117,1
9118,8
9119,6
9120,8
9121,5
9122,9
9123,6
9124,1
9125,0
9126,8
9127,6
9128,7
9129,8
9130,1
9131,8
9132,5
9133,2
9134,8
9135,4
9136,8
9137,8
9138,8
9139,10
9140,8
9141,8
9142,8
9143,8
9144,2
9145,8
9146,8
9147,10
9148,8
9149,4
9150,1
9151,4
9152,8
9153,8
9154,1
9155,8
9156,8
9157,1
9158,7
9159,10
9160,1
9161,2
9162,9
9163,5
9164,5
9165,10
9166,1
9167,10
9168,9
9169,8
9170,8
9171,6
9172,8
9173,0
9174,9
9175,4
9176,8
9177,8
9178,8
9179,6
9180,8
9181,4
9182,1
9183,5
9184,0
9185,6
9186,8
9187,10
9188,7
9189,0
9190,8
9191,9
9192,9
9193,8
9194,8
9195,8
9196,10
9197,9
9198,1
9199,7
9200,2
9201,9
9202,5
9203,7
9204,5
9205,10
9206,10
9207,8
9208,7
9209,8
9210,1
9211,8
9212,10
9213,7
9214,2
9215,8
9216,8
9217,8
9218,8
9219,5
9220,0
9221,10
9222,10
9223,8
9224,7
9225,8
9226,8
9227,8
9228,4
9229,4
9230,8
9231,5
9232,8
9233,8
9234,8
9235,5
9236,9
9237,9
9238,10
9239,8
9240,5
9241,8
9242,6
9243,9
9244,8
9245,4
9246,0
9247,0
9248,4
9249,5
9250,8
9251,8
9252,10
9253,1
9254,5
9255,7
9256,9
9257,9
9258,7
9259,9
9260,1
9261,6
9262,8
9263,9
9264,9
9265,1
9266,1
9267,0
9268,8
9269,10
9270,2
9271,7
9272,7
9273,1
9274,8
9275,8
9276,5
9277,8
9278,7
9279,8
9280,8
9281,4
9282,5
9283,8
9284,8
9285,9
9286,9
9287,9
9288,4
9289,8
9290,1
9291,4
9292,8
9293,8
9294,1
9295,8
9296,8
9297,8
9298,1
9299,1
9300,1
9301,10
9302,8
9303,8
9304,8
9305,0
9306,1
9307,10
9308,1
9309,8
9310,8
9311,8
9312,1
9313,8
9314,1
9315,8
9316,10
9317,8
9318,8
9319,7
9320,8
9321,8
9322,8
9323,2
9324,5
9325,8
9326,4
9327,8
9328,6
9329,9
9330,8
9331,10
9332,1
9333,3
9334,8
9335,8
9336,8
9337,8
9338,1
9339,6
9340,3
9341,8
9342,8
9343,8
9344,8
9345,8
9346,1
9347,8
9348,8
9349,9
9350,3
9351,10
9352,8
9353,8
9354,8
9355,8
9356,10
9357,10
9358,10
9359,1
9360,10
9361,8
9362,4
9363,10
9364,9
9365,8
9366,5
9367,9
9368,8
9369,8
9370,8
9371,4
9372,7
9373,5
9374,8
9375,2
9376,9
9377,9
9378,8
9379,8
9380,7
9381,7
9382,7
9383,7
9384,1
9385,8
9386,8
9387,9
9388,8
9389,1
9390,8
9391,7
9392,4
9393,7
9394,5
9395,4
9396,8
9397,7
9398,5
9399,5
9400,3
9401,8
9402,10
9403,4
9404,7
9405,5
9406,5
9407,3
9408,1
9409,8
9410,5
9411,8
9412,7
9413,8
9414,8
9415,2
9416,8
9417,10
9418,8
9419,8
9420,8
9421,1
9422,8
9423,1
9424,9
9425,0
9426,9
9427,8
9428,5
9429,1
9430,10
9431,10
9432,4
9433,10
9434,10
9435,8
9436,10
9437,3
9438,10
9439,5
9440,2
9441,4
9442,8
9443,7
9444,9
9445,10
9446,4
9447,8
9448,5
9449,6
9450,5
9451,10
9452,8
9453,8
9454,6
9455,5
9456,1
9457,10
9458,6
9459,10
9460,1
9461,8
9462,8
9463,8
9464,8
9465,4
9466,8
9467,8
9468,7
9469,5
9470,1
9471,7
9472,4
9473,8
9474,1
9475,8
9476,9
9477,9
9478,8
9479,1
9480,5
9481,9
9482,8
9483,1
9484,4
9485,8
9486,8
9487,1
9488,1
9489,3
9490,8
9491,8
9492,4
9493,1
9494,9
9495,9
9496,4
9497,8
9498,6
9499,8
9500,9
9501,8
9502,9
9503,8
9504,8
9505,5
9506,5
9507,5
9508,8
9509,9
9510,7
9511,8
9512,7
9513,8
9514,8
9515,1
9516,8
9517,8
9518,9
9519,8
9520,8
9521,1
9522,8
9523,5
9524,8
9525,6
9526,0
9527,8
9528,5
9529,5
9530,8
9531,4
9532,8
9533,7
9534,10
9535,1
9536,10
9537,1
9538,1
9539,8
9540,7
9541,1
9542,10
9543,7
9544,8
9545,3
9546,1
9547,10
9548,1
9549,6
9550,8
9551,8
9552,7
9553,10
9554,1
9555,8
9556,1
9557,5
9558,5
9559,8
9560,9
9561,10
9562,6
9563,0
9564,10
9565,1
9566,10
9567,8
9568,9
9569,9
9570,8
9571,8
9572,8
9573,6
9574,10
9575,2
9576,8
9577,1
9578,8
9579,0
9580,8
9581,5
9582,9
9583,2
9584,8
9585,0
9586,8
9587,1
9588,8
9589,8
9590,8
9591,6
9592,6
9593,3
9594,8
9595,1
9596,8
9597,8
9598,0
9599,1
9600,10
9601,6
9602,8
9603,10
9604,1
9605,8
9606,4
9607,4
9608,10
9609,5
9610,8
9611,7
9612,4
9613,8
9614,8
9615,3
9616,8
9617,8
9618,8
9619,8
9620,5
9621,5
9622,5
9623,8
9624,1
9625,8
9626,1
9627,8
9628,4
9629,8
9630,5
9631,10
9632,8
9633,4
9634,8
9635,8
9636,7
9637,9
9638,6
9639,8
9640,8
9641,5
9642,1
9643,8
9644,8
9645,8
9646,7
9647,10
9648,10
9649,9
9650,8
9651,5
9652,1
9653,8
9654,8
9655,9
9656,8
9657,5
9658,8
9659,1
9660,8
9661,8
9662,1
9663,8
9664,7
9665,8
9666,8
9667,2
9668,9
9669,5
9670,7
9671,8
9672,8
9673,8
9674,8
9675,8
9676,7
9677,10
9678,1
9679,8
9680,1
9681,10
9682,6
9683,4
9684,5
9685,10
9686,4
9687,5
9688,8
9689,8
9690,10
9691,0
9692,6
9693,8
9694,5
9695,9
9696,10
9697,4
9698,8
9699,7
9700,7
9701,4
9702,8
9703,1
9704,10
9705,1
9706,10
9707,5
9708,1
9709,0
9710,10
9711,8
9712,8
9713,8
9714,6
9715,8
9716,8
9717,7
9718,9
9719,4
9720,5
9721,7
9722,6
9723,10
9724,0
9725,4
9726,1
9727,8
9728,9
9729,1
9730,1
9731,1
9732,8
9733,5
9734,1
9735,8
9736,5
9737,8
9738,4
9739,7
9740,7
9741,8
9742,1
9743,8
9744,4
9745,8
9746,8
9747,10
9748,6
9749,1
9750,0
9751,8
9752,8
9753,1
9754,10
9755,10
9756,8
9757,6
9758,8
9759,8
9760,8
9761,8
9762,7
9763,10
9764,8
9765,8
9766,8
9767,5
9768,10
9769,8
9770,8
9771,8
9772,8
9773,2
9774,4
9775,5
9776,1
9777,0
9778,8
9779,6
9780,8
9781,8
9782,10
9783,5
9784,9
9785,8
9786,1
9787,6
9788,5
9789,8
9790,8
9791,10
9792,2
9793,8
9794,1
9795,8
9796,0
9797,8
9798,8
9799,5
9800,7
9801,4
9802,5
9803,5
9804,8
9805,5
9806,8
9807,7
9808,8
9809,6
9810,9
9811,4
9812,10
9813,8
9814,5
9815,8
9816,10
9817,7
9818,8
9819,1
9820,5
9821,8
9822,8
9823,8
9824,8
9825,6
9826,7
9827,8
9828,8
9829,10
9830,9
9831,1
9832,4
9833,0
9834,8
9835,8
9836,8
9837,8
9838,8
9839,8
9840,5
9841,8
9842,8
9843,8
9844,8
9845,1
9846,4
9847,3
9848,8
9849,8
9850,8
9851,6
9852,8
9853,10
9854,7
9855,10
9856,8
9857,5
9858,2
9859,10
9860,8
9861,8
9862,8
9863,9
9864,8
9865,8
9866,10
9867,8
9868,8
9869,8
9870,8
9871,8
9872,8
9873,8
9874,10
9875,7
9876,8
9877,1
9878,8
9879,8
9880,1
9881,1
9882,8
9883,1
9884,8
9885,10
9886,10
9887,7
9888,7
9889,1
9890,7
9891,10
9892,4
9893,9
9894,10
9895,1
9896,0
9897,8
9898,8
9899,9
9900,8
9901,4
9902,7
9903,8
9904,8
9905,1
9906,1
9907,9
9908,8
9909,1
9910,1
9911,4
9912,8
9913,9
9914,4
9915,5
9916,8
9917,8
9918,3
9919,4
9920,7
9921,0
9922,4
9923,10
9924,7
9925,8
9926,9
9927,4
9928,5
9929,8
9930,10
9931,8
9932,10
9933,9
9934,5
9935,2
9936,4
9937,5
9938,8
9939,4
9940,6
9941,8
9942,4
9943,7
9944,4
9945,9
9946,4
9947,10
9948,8
9949,4
9950,8
9951,6
9952,1
9953,10
9954,3
9955,8
9956,5
9957,9
9958,1
9959,8
9960,5
9961,2
9962,8
9963,10
9964,8
9965,8
9966,0
9967,8
9968,8
9969,7
9970,8
9971,1
9972,5
9973,8
9974,1
9975,10
9976,6
9977,1
9978,8
9979,10
9980,5
9981,10
9982,10
9983,2
9984,10
9985,8
9986,3
9987,8
9988,1
9989,1
9990,4
9991,9
9992,5
9993,8
9994,6
9995,10
9996,5
9997,10
9998,8
9999,6
